Starting Telegram listener...
Configured API_ID: 27665029
Default CHANNEL_USERNAME for initial entity resolution: freelance_ethio
Client authorized successfully.
Client started. Listening for messages.
Successfully resolved default channel entity for freelance_ethio: 1193582142
Fetching up to 1000 historical messages from tikvahethiopia...
Message 100714 already exists in DB for channel tikvahethiopia. Skipping.
Message 100713 already exists in DB for channel tikvahethiopia. Skipping.
Message 100712 already exists in DB for channel tikvahethiopia. Skipping.
Message 100711 already exists in DB for channel tikvahethiopia. Skipping.
Message 100710 already exists in DB for channel tikvahethiopia. Skipping.
Message 100709 already exists in DB for channel tikvahethiopia. Skipping.
Message 100708 already exists in DB for channel tikvahethiopia. Skipping.
Message 100707 already exists in DB for channel tikvahethiopia. Skipping.
Message 100706 already exists in DB for channel tikvahethiopia. Skipping.
Message 100705 already exists in DB for channel tikvahethiopia. Skipping.
Message 100704 already exists in DB for channel tikvahethiopia. Skipping.
Message 100703 already exists in DB for channel tikvahethiopia. Skipping.
Message 100702 already exists in DB for channel tikvahethiopia. Skipping.
Message 100701 already exists in DB for channel tikvahethiopia. Skipping.
Message 100700 already exists in DB for channel tikvahethiopia. Skipping.
Message 100699 already exists in DB for channel tikvahethiopia. Skipping.
Message 100698 already exists in DB for channel tikvahethiopia. Skipping.
Message 100697 already exists in DB for channel tikvahethiopia. Skipping.
Message 100696 already exists in DB for channel tikvahethiopia. Skipping.
Message 100695 already exists in DB for channel tikvahethiopia. Skipping.
Message 100694 already exists in DB for channel tikvahethiopia. Skipping.
Message 100693 already exists in DB for channel tikvahethiopia. Skipping.
Message 100692 already exists in DB for channel tikvahethiopia. Skipping.
Message 100688 already exists in DB for channel tikvahethiopia. Skipping.
Message 100687 already exists in DB for channel tikvahethiopia. Skipping.
Message 100686 already exists in DB for channel tikvahethiopia. Skipping.
Received new message in chapidevtalks_group: 32377
Message 32377 already exists in DB for channel chapidevtalks_group. Skipping.
Message 100685 already exists in DB for channel tikvahethiopia. Skipping.
Message 100684 already exists in DB for channel tikvahethiopia. Skipping.
Message 100683 already exists in DB for channel tikvahethiopia. Skipping.
Message 100682 already exists in DB for channel tikvahethiopia. Skipping.
Message 100681 already exists in DB for channel tikvahethiopia. Skipping.
Message 100680 already exists in DB for channel tikvahethiopia. Skipping.
Message 100679 already exists in DB for channel tikvahethiopia. Skipping.
Message 100678 already exists in DB for channel tikvahethiopia. Skipping.
Message 100677 already exists in DB for channel tikvahethiopia. Skipping.
Message 100676 already exists in DB for channel tikvahethiopia. Skipping.
Message 100675 already exists in DB for channel tikvahethiopia. Skipping.
Message 100674 already exists in DB for channel tikvahethiopia. Skipping.
Message 100673 already exists in DB for channel tikvahethiopia. Skipping.
Message 100672 already exists in DB for channel tikvahethiopia. Skipping.
Message 100671 already exists in DB for channel tikvahethiopia. Skipping.
Message 100670 already exists in DB for channel tikvahethiopia. Skipping.
Message 100669 already exists in DB for channel tikvahethiopia. Skipping.
Message 100668 already exists in DB for channel tikvahethiopia. Skipping.
Message 100666 already exists in DB for channel tikvahethiopia. Skipping.
Message 100665 already exists in DB for channel tikvahethiopia. Skipping.
Message 100664 already exists in DB for channel tikvahethiopia. Skipping.
Message 100663 already exists in DB for channel tikvahethiopia. Skipping.
Message 100662 already exists in DB for channel tikvahethiopia. Skipping.
Message 100661 already exists in DB for channel tikvahethiopia. Skipping.
Message 100660 already exists in DB for channel tikvahethiopia. Skipping.
Message 100659 already exists in DB for channel tikvahethiopia. Skipping.
Message 100658 already exists in DB for channel tikvahethiopia. Skipping.
Message 100657 already exists in DB for channel tikvahethiopia. Skipping.
Message 100656 already exists in DB for channel tikvahethiopia. Skipping.
Message 100655 already exists in DB for channel tikvahethiopia. Skipping.
Message 100654 already exists in DB for channel tikvahethiopia. Skipping.
Message 100653 already exists in DB for channel tikvahethiopia. Skipping.
Message 100652 already exists in DB for channel tikvahethiopia. Skipping.
Message 100651 already exists in DB for channel tikvahethiopia. Skipping.
Message 100650 already exists in DB for channel tikvahethiopia. Skipping.
Message 100649 already exists in DB for channel tikvahethiopia. Skipping.
Message 100648 already exists in DB for channel tikvahethiopia. Skipping.
Message 100647 already exists in DB for channel tikvahethiopia. Skipping.
Message 100646 already exists in DB for channel tikvahethiopia. Skipping.
Message 100645 already exists in DB for channel tikvahethiopia. Skipping.
Message 100644 already exists in DB for channel tikvahethiopia. Skipping.
Message 100643 already exists in DB for channel tikvahethiopia. Skipping.
Message 100642 already exists in DB for channel tikvahethiopia. Skipping.
Message 100641 already exists in DB for channel tikvahethiopia. Skipping.
Message 100640 already exists in DB for channel tikvahethiopia. Skipping.
Message 100639 already exists in DB for channel tikvahethiopia. Skipping.
Message 100638 already exists in DB for channel tikvahethiopia. Skipping.
Message 100637 already exists in DB for channel tikvahethiopia. Skipping.
Message 100636 already exists in DB for channel tikvahethiopia. Skipping.
Message 100635 already exists in DB for channel tikvahethiopia. Skipping.
Message 100634 already exists in DB for channel tikvahethiopia. Skipping.
Message 100633 already exists in DB for channel tikvahethiopia. Skipping.
Message 100632 already exists in DB for channel tikvahethiopia. Skipping.
New channels detected: {'ticvaethiopia'}. Attempting to add to real-time monitoring.
Message 100631 already exists in DB for channel tikvahethiopia. Skipping.
Error resolving entity or adding channel ticvaethiopia to monitor: No user has "ticvaethiopia" as username
Please ensure 'ticvaethiopia' is a public channel username (without '@') or a valid channel ID, and the Telegram client has access to it.
Message 100628 already exists in DB for channel tikvahethiopia. Skipping.
Message 100627 already exists in DB for channel tikvahethiopia. Skipping.
Message 100626 already exists in DB for channel tikvahethiopia. Skipping.
Message 100625 already exists in DB for channel tikvahethiopia. Skipping.
Message 100624 already exists in DB for channel tikvahethiopia. Skipping.
Message 100623 already exists in DB for channel tikvahethiopia. Skipping.
Message 100622 already exists in DB for channel tikvahethiopia. Skipping.
Message 100621 already exists in DB for channel tikvahethiopia. Skipping.
Message 100620 already exists in DB for channel tikvahethiopia. Skipping.
Message 100619 already exists in DB for channel tikvahethiopia. Skipping.
Message 100618 already exists in DB for channel tikvahethiopia. Skipping.
Message 100615 already exists in DB for channel tikvahethiopia. Skipping.
Message 100614 already exists in DB for channel tikvahethiopia. Skipping.
New channels detected: {'ticvaethiopia'}. Attempting to add to real-time monitoring.
Error resolving entity or adding channel ticvaethiopia to monitor: No user has "ticvaethiopia" as username
Please ensure 'ticvaethiopia' is a public channel username (without '@') or a valid channel ID, and the Telegram client has access to it.
Message 100613 already exists in DB for channel tikvahethiopia. Skipping.
Message 100612 already exists in DB for channel tikvahethiopia. SkippMessaMessage 100611 already exists in DB for channel tikvahethiopia. Skipping.
Message 100610 already exists in DB for channel tikvahethiopia. Skipping.
Message 100609 already exists in DB for channel tikvahethiopia. Skipping.
Message 100608 already exists in DB for channel tikvahethiopia. Skipping.
Message 100607 already exists in DB for channel tikvahethiopia. Skipping.
Error fetching historical messages for tikvahethiopia: database is locked
Please ensure 'tikvahethiopia' is a public channel username (without '@') or a valid channel ID, and the Telegram client has access to it.
Fetching up to 1000 historical messages from Dagmawi_Babi...
Error fetching historical messages for Dagmawi_Babi: database is locked
Please ensure 'Dagmawi_Babi' is a public channel username (without '@') or a valid channel ID, and the Telegram client has access to it.
Fetching up to 1000 historical messages from ticva...
Error fetching historical messages for ticva: Nobody is using this username, or the username is unacceptable. If the latter, it must match r"[a-zA-Z][\w\d]{3,30}[a-zA-Z\d]" (caused by ResolveUsernameRequest)
Please ensure 'ticva' is a public channel username (without '@') or a valid channel ID, and the Telegram client has access to it.
Fetching up to 1000 historical messages from Global_Dreamss...
Error fetching historical messages for Global_Dreamss: database is locked
Please ensure 'Global_Dreamss' is a public channel username (without '@') or a valid channel ID, and the Telegram client has access to it.
Fetching up to 1000 historical messages from beteafework...
Error fetching historical messages for beteafework: database is locked
Please ensure 'beteafework' is a public channel username (without '@') or a valid channel ID, and the Telegram client has access to it.
New channels detected: {'ticvaethiopia'}. Attempting to add to real-time monitoring.
Error resolving entity or adding channel ticvaethiopia to monitor: No user has "ticvaethiopia" as username
Please ensure 'ticvaethiopia' is a public channel username (without '@') or a valid channel ID, and the Telegram client has access to it.
New channels detected: {'ticvaethiopia'}. Attempting to add to real-time monitoring.
Error resolving entity or adding channel ticvaethiopia to monitor: No user has "ticvaethiopia" as username
Please ensure 'ticvaethiopia' is a public channel username (without '@') or a valid channel ID, and the Telegram client has access to it.
New channels detected: {'ticvaethiopia'}. Attempting to add to real-time monitoring.
Error resolving entity or adding channel ticvaethiopia to monitor: No user has "ticvaethiopia" as username
Please ensure 'ticvaethiopia' is a public channel username (without '@') or a valid channel ID, and the Telegram client has access to it.
New channels detected: {'ticvaethiopia'}. Attempting to add to real-time monitoring.
Error resolving entity or adding channel ticvaethiopia to monitor: No user has "ticvaethiopia" as username
Please ensure 'ticvaethiopia' is a public channel username (without '@') or a valid channel ID, and the Telegram client has access to it.
New channels detected: {'ticvaethiopia'}. Attempting to add to real-time monitoring.
Received new message in freelance_ethio: 87262
Message 87262 already exists in DB for channel freelance_ethio. Skipping.
Error resolving entity or adding channel ticvaethiopia to monitor: No user has "ticvaethiopia" as username
Please ensure 'ticvaethiopia' is a public channel username (without '@') or a valid channel ID, and the Telegram client has access to it.
New channels detected: {'ticvaethiopia'}. Attempting to add to real-time monitoring.
Error resolving entity or adding channel ticvaethiopia to monitor: No user has "ticvaethiopia" as username
Please ensure 'ticvaethiopia' is a public channel username (without '@') or a valid channel ID, and the Telegram client has access to it.
New channels detected: {'ticvaethiopia'}. Attempting to add to real-time monitoring.
Error resolving entity or adding channel ticvaethiopia to monitor: No user has "ticvaethiopia" as username
Please ensure 'ticvaethiopia' is a public channel username (without '@') or a valid channel ID, and the Telegram client has access to it.
New channels detected: {'ticvaethiopia'}. Attempting to add to real-time monitoring.
Error resolving entity or adding channel ticvaethiopia to monitor: No user has "ticvaethiopia" as username
Please ensure 'ticvaethiopia' is a public channel username (without '@') or a valid channel ID, and the Telegram client has access to it.
New channels detected: {'ticvaethiopia'}. Attempting to add to real-time monitoring.
Error resolving entity or adding channel ticvaethiopia to monitor: No user has "ticvaethiopia" as username
Please ensure 'ticvaethiopia' is a public channel username (without '@') or a valid channel ID, and the Telegram client has access to it.
New channels detected: {'ticvaethiopia'}. Attempting to add to real-time monitoring.
Received new message in zulu_tech: 3771
Error resolving entity or adding channel ticvaethiopia to monitor: No user has "ticvaethiopia" as username
Please ensure 'ticvaethiopia' is a public channel username (without '@') or a valid channel ID, and the Telegram client has access to it.
New channels detected: {'ticvaethiopia'}. Attempting to add to real-time monitoring.
Error resolving entity or adding channel ticvaethiopia to monitor: No user has "ticvaethiopia" as username
Please ensure 'ticvaethiopia' is a public channel username (without '@') or a valid channel ID, and the Telegram client has access to it.
New channels detected: {'ticvaethiopia'}. Attempting to add to real-time monitoring.
Error resolving entity or adding channel ticvaethiopia to monitor: No user has "ticvaethiopia" as username
Please ensure 'ticvaethiopia' is a public channel username (without '@') or a valid channel ID, and the Telegram client has access to it.
New channels detected: {'ticvaethiopia'}. Attempting to add to real-time monitoring.
Error resolving entity or adding channel ticvaethiopia to monitor: No user has "ticvaethiopia" as username
Please ensure 'ticvaethiopia' is a public channel username (without '@') or a valid channel ID, and the Telegram client has access to it.
Saved message 3771 (media: True) for channel zulu_tech
New channels detected: {'ticvaethiopia'}. Attempting to add to real-time monitoring.
Error resolving entity or adding channel ticvaethiopia to monitor: No user has "ticvaethiopia" as username
Please ensure 'ticvaethiopia' is a public channel username (without '@') or a valid channel ID, and the Telegram client has access to it.
New channels detected: {'ticvaethiopia'}. Attempting to add to real-time monitoring.
Error resolving entity or adding channel ticvaethiopia to monitor: No user has "ticvaethiopia" as username
Please ensure 'ticvaethiopia' is a public channel username (without '@') or a valid channel ID, and the Telegram client has access to it.
New channels detected: {'ticvaethiopia'}. Attempting to add to real-time monitoring.
Error resolving entity or adding channel ticvaethiopia to monitor: No user has "ticvaethiopia" as username
Please ensure 'ticvaethiopia' is a public channel username (without '@') or a valid channel ID, and the Telegram client has access to it.
New channels detected: {'ticvaethiopia'}. Attempting to add to real-time monitoring.
Error resolving entity or adding channel ticvaethiopia to monitor: No user has "ticvaethiopia" as username
Please ensure 'ticvaethiopia' is a public channel username (without '@') or a valid channel ID, and the Telegram client has access to it.
New channels detected: {'ticvaethiopia'}. Attempting to add to real-time monitoring.
Error resolving entity or adding channel ticvaethiopia to monitor: No user has "ticvaethiopia" as username
Please ensure 'ticvaethiopia' is a public channel username (without '@') or a valid channel ID, and the Telegram client has access to it.
New channels detected: {'ticvaethiopia'}. Attempting to add to real-time monitoring.
Error resolving entity or adding channel ticvaethiopia to monitor: No user has "ticvaethiopia" as username
Cannot get difference since the account is likely misusing the session: database is locked
Unhandled exception from keepalive_handle after cancelling <class '_asyncio.Task'> (<Task finished name='Task-7' coro=<UpdateMethods._keepalive_loop() done, defined at /home/yordanos/Desktop/A/telegram-collector/.venv/lib/python3.12/site-packages/telethon/client/updates.py:485> exception=OperationalError('database is locked')>)
Traceback (most recent call last):
  File "/home/yordanos/Desktop/A/telegram-collector/.venv/lib/python3.12/site-packages/telethon/helpers.py", line 176, in _cancel
    await task
  File "/home/yordanos/Desktop/A/telegram-collector/.venv/lib/python3.12/site-packages/telethon/client/updates.py", line 521, in _keepalive_loop
    await self._save_states_and_entities()
  File "/home/yordanos/Desktop/A/telegram-collector/.venv/lib/python3.12/site-packages/telethon/client/telegrambaseclient.py", line 701, in _save_states_and_entities
    self.session.process_entities(
  File "/home/yordanos/Desktop/A/telegram-collector/.venv/lib/python3.12/site-packages/telethon/sessions/sqlite.py", line 301, in process_entities
    c.executemany(
sqlite3.OperationalError: database is locked
Task exception was never retrieved
future: <Task finished name='Task-32' coro=<TelegramBaseClient._disconnect_coro() done, defined at /home/yordanos/Desktop/A/telegram-collector/.venv/lib/python3.12/site-packages/telethon/client/telegrambaseclient.py:716> exception=OperationalError('database is locked')>
Traceback (most recent call last):
  File "/home/yordanos/Desktop/A/telegram-collector/.venv/lib/python3.12/site-packages/telethon/client/telegrambaseclient.py", line 746, in _disconnect_coro
    await self._save_states_and_entities()
  File "/home/yordanos/Desktop/A/telegram-collector/.venv/lib/python3.12/site-packages/telethon/client/telegrambaseclient.py", line 701, in _save_states_and_entities
    self.session.process_entities(
  File "/home/yordanos/Desktop/A/telegram-collector/.venv/lib/python3.12/site-packages/telethon/sessions/sqlite.py", line 301, in process_entities
    c.executemany(
sqlite3.OperationalError: database is locked
Unhandled exception from keepalive_handle after cancelling <class '_asyncio.Task'> (<Task finished name='Task-7' coro=<UpdateMethods._keepalive_loop() done, defined at /home/yordanos/Desktop/A/telegram-collector/.venv/lib/python3.12/site-packages/telethon/client/updates.py:485> exception=OperationalError('database is locked')>)
Traceback (most recent call last):
  File "/home/yordanos/Desktop/A/telegram-collector/.venv/lib/python3.12/site-packages/telethon/helpers.py", line 176, in _cancel
    await task
sqlite3.OperationalError: database is locked
Please ensure 'ticvaethiopia' is a public channel username (without '@') or a valid channel ID, and the Telegram client has access to it.
New channels detected: {'ticvaethiopia'}. Attempting to add to real-time monitoring.
Error resolving entity or adding channel ticvaethiopia to monitor: No user has "ticvaethiopia" as username
Please ensure 'ticvaethiopia' is a public channel username (without '@') or a valid channel ID, and the Telegram client has access to it.
Traceback (most recent call last):
  File "/home/yordanos/Desktop/A/telegram-collector/.venv/lib/python3.12/site-packages/telethon/client/updates.py", line 38, in _run_until_disconnected
    raise self._updates_error
  File "/home/yordanos/Desktop/A/telegram-collector/.venv/lib/python3.12/site-packages/telethon/client/updates.py", line 308, in _update_loop
    diff = await self(get_diff)
           ^^^^^^^^^^^^^^^^^^^^
  File "/home/yordanos/Desktop/A/telegram-collector/.venv/lib/python3.12/site-packages/telethon/client/users.py", line 30, in __call__
    return await self._call(self._sender, request, ordered=ordered)
           ^^^^^^^^^^^^^^^^^^^^^^^^^^^^^^^^^^^^^^^^^^^^^^^^^^^^^^^^
  File "/home/yordanos/Desktop/A/telegram-collector/.venv/lib/python3.12/site-packages/telethon/client/users.py", line 93, in _call
    await utils.maybe_async(self.session.process_entities(result))
                            ^^^^^^^^^^^^^^^^^^^^^^^^^^^^^^^^^^^^^
  File "/home/yordanos/Desktop/A/telegram-collector/.venv/lib/python3.12/site-packages/telethon/sessions/sqlite.py", line 301, in process_entities
    c.executemany(
sqlite3.OperationalError: database is locked

During handling of the above exception, another exception occurred:

Traceback (most recent call last):
  File "/home/yordanos/Desktop/A/telegram-collector/listener.py", line 212, in <module>
    asyncio.run(main())
  File "/usr/lib/python3.12/asyncio/runners.py", line 194, in run
    return runner.run(main)
           ^^^^^^^^^^^^^^^^
  File "/usr/lib/python3.12/asyncio/runners.py", line 118, in run
    return self._loop.run_until_complete(task)
           ^^^^^^^^^^^^^^^^^^^^^^^^^^^^^^^^^^^
  File "/usr/lib/python3.12/asyncio/base_events.py", line 687, in run_until_complete
    return future.result()
           ^^^^^^^^^^^^^^^
  File "/home/yordanos/Desktop/A/telegram-collector/listener.py", line 209, in main
    await client.run_until_disconnected()
  File "/home/yordanos/Desktop/A/telegram-collector/.venv/lib/python3.12/site-packages/telethon/client/updates.py", line 43, in _run_until_disconnected
    await self.disconnect()
  File "/home/yordanos/Desktop/A/telegram-collector/.venv/lib/python3.12/site-packages/telethon/client/telegrambaseclient.py", line 746, in _disconnect_coro
    await self._save_states_and_entities()
  File "/home/yordanos/Desktop/A/telegram-collector/.venv/lib/python3.12/site-packages/telethon/client/telegrambaseclient.py", line 701, in _save_states_and_entities
    self.session.process_entities(
  File "/home/yordanos/Desktop/A/telegram-collector/.venv/lib/python3.12/site-packages/telethon/sessions/sqlite.py", line 301, in process_entities
    c.executemany(
sqlite3.OperationalError: database is locked
a to monitor: No user has "ticvaethiopia" as username
Please ensure 'ticvaethiopia' is a public channel username (without '@') or a valid channel ID, and the Telegram client has access to it.
Message 100407 already exists in DB for channel tikvahethiopia. Skipping.
Message 100406 already exists in DB for channel tikvahethiopia. Skipping.
Message 100405 already exists in DB for channel tikvahethiopia. Skipping.
Message 100404 already exists in DB for channel tikvahethiopia. Skipping.
Message 100403 already exists in DB for channel tikvahethiopia. Skipping.
Message 100402 already exists in DB for channel tikvahethiopia. Skipping.
Message 100401 already exists in DB for channel tikvahethiopia. Skipping.
Message 100400 already exists in DB for channel tikvahethiopia. Skipping.
Message 100399 already exists in DB for channel tikvahethiopia. Skipping.
Message 100398 already exists in DB for channel tikvahethiopia. Skipping.
Message 100397 already exists in DB for channel tikvahethiopia. Skipping.
Message 100396 already exists in DB for channel tikvahethiopia. Skipping.
Message 100395 already exists in DB for channel tikvahethiopia. Skipping.
Message 100394 already exists in DB for channel tikvahethiopia. Skipping.
Message 100393 already exists in DB for channel tikvahethiopia. Skipping.
Message 100392 already exists in DB for channel tikvahethiopia. Skipping.
Message 100391 already exists in DB for channel tikvahethiopia. Skipping.
Message 100390 already exists in DB for channel tikvahethiopia. Skipping.
Message 100389 already exists in DB for channel tikvahethiopia. Skipping.
Message 100388 already exists in DB for channel tikvahethiopia. Skipping.
New channels detected: {'ticvaethiopia'}. Attempting to add to real-time monitoring.
Error resolving entity or adding channel ticvaethiopia to monitor: No user has "ticvaethiopia" as username
Please ensure 'ticvaethiopia' is a public channel username (without '@') or a valid channel ID, and the Telegram client has access to it.
Message 100387 already exists in DB for channel tikvahethiopia. Skipping.
Message 100386 already exists in DB for channel tikvahethiopia. Skipping.
Message 100385 already exists in DB for channel tikvahethiopia. Skipping.
Message 100384 already exists in DB for channel tikvahethiopia. Skipping.
Message 100383 already exists in DB for channel tikvahethiopia. Skipping.
Message 100382 already exists in DB for channel tikvahethiopia. Skipping.
Message 100381 already exists in DB for channel tikvahethiopia. Skipping.
Message 100380 already exists in DB for channel tikvahethiopia. Skipping.
New channels detected: {'ticvaethiopia'}. Attempting to add to real-time monitoring.
Error resolving entity or adding channel ticvaethiopia to monitor: No user has "ticvaethiopia" as username
Please ensure 'ticvaethiopia' is a public channel username (without '@') or a valid channel ID, and the Telegram client has access to it.
Message 100379 already exists in DB for channel tikvahethiopia. Skipping.
Message 100378 already exists in DB for channel tikvahethiopia. Skipping.
Message 100377 already exists in DB for channel tikvahethiopia. Skipping.
Message 100376 already exists in DB for channel tikvahethiopia. Skipping.
Message 100375 already exists in DB for channel tikvahethiopia. Skipping.
Message 100373 already exists in DB for channel tikvahethiopia. Skipping.
Message 100372 already exists in DB for channel tikvahethiopia. Skipping.
New channels detected: {'ticvaethiopia'}. Attempting to add to real-time monitoring.
Error resolving entity or adding channel ticvaethiopia to monitor: No user has "ticvaethiopia" as username
Please ensure 'ticvaethiopia' is a public channel username (without '@') or a valid channel ID, and the Telegram client has access to it.
Received new message in freelance_ethio: 87262
Saved message 87262 (media: False) for channel freelance_ethio
New channels detected: {'ticvaethiopia'}. Attempting to add to real-time monitoring.
Error resolving entity or adding channel ticvaethiopia to monitor: No user has "ticvaethiopia" as username
Please ensure 'ticvaethiopia' is a public channel username (without '@') or a valid channel ID, and the Telegram client has access to it.
Message 100371 already exists in DB for channel tikvahethiopia. Skipping.
Message 100370 already exists in DB for channel tikvahethiopia. Skipping.
Message 100369 already exists in DB for channel tikvahethiopia. Skipping.
Message 100368 already exists in DB for channel tikvahethiopia. Skipping.
Message 100367 already exists in DB for channel tikvahethiopia. Skipping.
Message 100366 already exists in DB for channel tikvahethiopia. Skipping.
Message 100365 already exists in DB for channel tikvahethiopia. Skipping.
Message 100364 already exists in DB for channel tikvahethiopia. Skipping.
Message 100363 already exists in DB for channel tikvahethiopia. Skipping.
Message 100362 already exists in DB for channel tikvahethiopia. Skipping.
New channels detected: {'ticvaethiopia'}. Attempting to add to real-time monitoring.
Error resolving entity or adding channel ticvaethiopia to monitor: No user has "ticvaethiopia" as username
Please ensure 'ticvaethiopia' is a public channel username (without '@') or a valid channel ID, and the Telegram client has access to it.
Message 100361 already exists in DB for channel tikvahethiopia. Skipping.
Message 100360 already exists in DB for channel tikvahethiopia. Skipping.
Message 100359 already exists in DB for channel tikvahethiopia. Skipping.
Message 100358 already exists in DB for channel tikvahethiopia. Skipping.
Message 100357 already exists in DB for channel tikvahethiopia. Skipping.
Message 100356 already exists in DB for channel tikvahethiopia. Skipping.
Message 100355 already exists in DB for channel tikvahethiopia. Skipping.
Message 100354 already exists in DB for channel tikvahethiopia. Skipping.
Message 100353 already exists in DB for channel tikvahethiopia. Skipping.
Message 100347 already exists in DB for channel tikvahethiopia. Skipping.
Message 100346 already exists in DB for channel tikvahethiopia. Skipping.
Message 100345 already exists in DB for channel tikvahethiopia. Skipping.
Message 100344 already exists in DB for channel tikvahethiopia. Skipping.
Message 100343 already exists in DB for channel tikvahethiopia. Skipping.
Message 100342 already exists in DB for channel tikvahethiopia. Skipping.
Message 100341 already exists in DB for channel tikvahethiopia. Skipping.
Message 100340 already exists in DB for channel tikvahethiopia. Skipping.
Message 100339 already exists in DB for channel tikvahethiopia. Skipping.
Message 100338 already exists in DB for channel tikvahethiopia. Skipping.
Message 100337 already exists in DB for channel tikvahethiopia. Skipping.
Message 100336 already exists in DB for channel tikvahethiopia. Skipping.
Message 100335 already exists in DB for channel tikvahethiopia. Skipping.
Message 100334 already exists in DB for channel tikvahethiopia. Skipping.
Message 100333 already exists in DB for channel tikvahethiopia. Skipping.
Message 100332 already exists in DB for channel tikvahethiopia. Skipping.
Message 100331 already exists in DB for channel tikvahethiopia. Skipping.
Message 100330 already exists in DB for channel tikvahethiopia. Skipping.
Message 100329 already exists in DB for channel tikvahethiopia. Skipping.
Message 100328 already exists in DB for channel tikvahethiopia. Skipping.
Message 100327 already exists in DB for channel tikvahethiopia. Skipping.
Message 100326 already exists in DB for channel tikvahethiopia. Skipping.
Message 100325 already exists in DB for channel tikvahethiopia. Skipping.
Message 100324 already exists in DB for channel tikvahethiopia. Skipping.
Message 100323 already exists in DB for channel tikvahethiopia. Skipping.
Message 100322 already exists in DB for channel tikvahethiopia. Skipping.
Message 100321 already exists in DB for channel tikvahethiopia. Skipping.
Message 100320 already exists in DB for channel tikvahethiopia. Skipping.
Message 100319 already exists in DB for channel tikvahethiopia. Skipping.
New channels detected: {'ticvaethiopia'}. Attempting to add to real-time monitoring.
Message 100318 already exists in DB for channel tikvahethiopia. Skipping.
Error resolving entity or adding channel ticvaethiopia to monitor: No user has "ticvaethiopia" as username
Please ensure 'ticvaethiopia' is a public channel username (without '@') or a valid channel ID, and the Telegram client has access to it.
Message 100317 already exists in DB for channel tikvahethiopia. Skipping.
Message 100316 already exists in DB for channel tikvahethiopia. Skipping.
Message 100315 already exists in DB for channel tikvahethiopia. Skipping.
Message 100314 already exists in DB for channel tikvahethiopia. Skipping.
Message 100313 already exists in DB for channel tikvahethiopia. Skipping.
Message 100312 already exists in DB for channel tikvahethiopia. Skipping.
Message 100311 already exists in DB for channel tikvahethiopia. Skipping.
Message 100310 already exists in DB for channel tikvahethiopia. Skipping.
Message 100309 already exists in DB for channel tikvahethiopia. Skipping.
Message 100308 already exists in DB for channel tikvahethiopia. Skipping.
Message 100307 already exists in DB for channel tikvahethiopia. Skipping.
Message 100306 already exists in DB for channel tikvahethiopia. Skipping.
Message 100305 already exists in DB for channel tikvahethiopia. Skipping.
Message 100304 already exists in DB for channel tikvahethiopia. Skipping.
Message 100303 already exists in DB for channel tikvahethiopia. Skipping.
Message 100302 already exists in DB for channel tikvahethiopia. Skipping.
Message 100301 already exists in DB for channel tikvahethiopia. Skipping.
Message 100300 already exists in DB for channel tikvahethiopia. Skipping.
Message 100299 already exists in DB for channel tikvahethiopia. Skipping.
Message 100298 already exists in DB for channel tikvahethiopia. Skipping.
Message 100297 already exists in DB for channel tikvahethiopia. Skipping.
Message 100296 already exists in DB for channel tikvahethiopia. Skipping.
Message 100295 already exists in DB for channel tikvahethiopia. Skipping.
Message 100294 already exists in DB for channel tikvahethiopia. Skipping.
Message 100293 already exists in DB for channel tikvahethiopia. Skipping.
Message 100292 already exists in DB for channel tikvahethiopia. Skipping.
Message 100291 already exists in DB for channel tikvahethiopia. Skipping.
Message 100290 already exists in DB for channel tikvahethiopia. Skipping.
Message 100289 already exists in DB for channel tikvahethiopia. Skipping.
Message 100288 already exists in DB for channel tikvahethiopia. Skipping.
Message 100287 already exists in DB for channel tikvahethiopia. Skipping.
Message 100286 already exists in DB for channel tikvahethiopia. Skipping.
Message 100285 already exists in DB for channel tikvahethiopia. Skipping.
Message 100284 already exists in DB for channel tikvahethiopia. Skipping.
Message 100283 already exists in DB for channel tikvahethiopia. Skipping.
Message 100282 already exists in DB for channel tikvahethiopia. Skipping.
Message 100281 already exists in DB for channel tikvahethiopia. Skipping.
Message 100280 already exists in DB for channel tikvahethiopia. Skipping.
Message 100279 already exists in DB for channel tikvahethiopia. Skipping.
Message 100278 already exists in DB for channel tikvahethiopia. Skipping.
Message 100277 already exists in DB for channel tikvahethiopia. Skipping.
Message 100276 already exists in DB for channel tikvahethiopia. Skipping.
Message 100275 already exists in DB for channel tikvahethiopia. Skipping.
Message 100274 already exists in DB for channel tikvahethiopia. Skipping.
Message 100273 already exists in DB for channel tikvahethiopia. Skipping.
Message 100272 already exists in DB for channel tikvahethiopia. Skipping.
Message 100271 already exists in DB for channel tikvahethiopia. Skipping.
Message 100270 already exists in DB for channel tikvahethiopia. Skipping.
Message 100269 already exists in DB for channel tikvahethiopia. Skipping.
Message 100268 already exists in DB for channel tikvahethiopia. Skipping.
Message 100267 already exists in DB for channel tikvahethiopia. Skipping.
Message 100266 already exists in DB for channel tikvahethiopia. Skipping.
Message 100265 already exists in DB for channel tikvahethiopia. Skipping.
Message 100264 already exists in DB for channel tikvahethiopia. Skipping.
Message 100263 already exists in DB for channel tikvahethiopia. Skipping.
Message 100262 already exists in DB for channel tikvahethiopia. Skipping.
Message 100261 already exists in DB for channel tikvahethiopia. Skipping.
Message 100260 already exists in DB for channel tikvahethiopia. Skipping.
Message 100259 already exists in DB for channel tikvahethiopia. Skipping.
Message 100258 already exists in DB for channel tikvahethiopia. Skipping.
Message 100257 already exists in DB for channel tikvahethiopia. Skipping.
Message 100256 already exists in DB for channel tikvahethiopia. Skipping.
New channels detected: {'ticvaethiopia'}. Attempting to add to real-time monitoring.
Message 100255 already exists in DB for channel tikvahethiopia. Skipping.
Message 100254 already exists in DB for channel tikvahethiopia. Skipping.
Error resolving entity or adding channel ticvaethiopia to monitor: No user has "ticvaethiopia" as username
Please ensure 'ticvaethiopia' is a public channel username (without '@') or a valid channel ID, and the Telegram client has access to it.
Message 100253 already exists in DB for channel tikvahethiopia. Skipping.
Message 100252 already exists in DB for channel tikvahethiopia. Skipping.
Message 100251 already exists in DB for channel tikvahethiopia. Skipping.
Message 100250 already exists in DB for channel tikvahethiopia. Skipping.
Message 100249 already exists in DB for channel tikvahethiopia. Skipping.
Message 100248 already exists in DB for channel tikvahethiopia. Skipping.
Message 100247 already exists in DB for channel tikvahethiopia. Skipping.
Message 100246 already exists in DB for channel tikvahethiopia. Skipping.
Message 100245 already exists in DB for channel tikvahethiopia. Skipping.
Message 100244 already exists in DB for channel tikvahethiopia. Skipping.
Message 100243 already exists in DB for channel tikvahethiopia. Skipping.
Message 100242 already exists in DB for channel tikvahethiopia. Skipping.
Message 100241 already exists in DB for channel tikvahethiopia. Skipping.
Message 100240 already exists in DB for channel tikvahethiopia. Skipping.
Message 100239 already exists in DB for channel tikvahethiopia. Skipping.
Message 100238 already exists in DB for channel tikvahethiopia. Skipping.
Message 100237 already exists in DB for channel tikvahethiopia. Skipping.
Message 100236 already exists in DB for channel tikvahethiopia. Skipping.
Message 100235 already exists in DB for channel tikvahethiopia. Skipping.
Message 100234 already exists in DB for channel tikvahethiopia. Skipping.
Message 100233 already exists in DB for channel tikvahethiopia. Skipping.
Message 100232 already exists in DB for channel tikvahethiopia. Skipping.
Message 100231 already exists in DB for channel tikvahethiopia. Skipping.
Message 100230 already exists in DB for channel tikvahethiopia. Skipping.
Message 100229 already exists in DB for channel tikvahethiopia. Skipping.
Message 100228 already exists in DB for channel tikvahethiopia. Skipping.
Message 100227 already exists in DB for channel tikvahethiopia. Skipping.
Message 100226 already exists in DB for channel tikvahethiopia. Skipping.
Message 100225 already exists in DB for channel tikvahethiopia. Skipping.
Message 100224 already exists in DB for channel tikvahethiopia. Skipping.
Message 100223 already exists in DB for channel tikvahethiopia. Skipping.
Message 100222 already exists in DB for channel tikvahethiopia. Skipping.
Message 100221 already exists in DB for channel tikvahethiopia. Skipping.
Message 100220 already exists in DB for channel tikvahethiopia. Skipping.
Message 100219 already exists in DB for channel tikvahethiopia. Skipping.
Message 100218 already exists in DB for channel tikvahethiopia. Skipping.
Message 100217 already exists in DB for channel tikvahethiopia. Skipping.
Message 100216 already exists in DB for channel tikvahethiopia. Skipping.
Message 100215 already exists in DB for channel tikvahethiopia. Skipping.
Message 100214 already exists in DB for channel tikvahethiopia. Skipping.
Message 100213 already exists in DB for channel tikvahethiopia. Skipping.
Message 100212 already exists in DB for channel tikvahethiopia. Skipping.
Message 100211 already exists in DB for channel tikvahethiopia. Skipping.
Message 100210 already exists in DB for channel tikvahethiopia. Skipping.
Message 100209 already exists in DB for channel tikvahethiopia. Skipping.
Message 100208 already exists in DB for channel tikvahethiopia. Skipping.
Message 100207 already exists in DB for channel tikvahethiopia. Skipping.
Message 100206 already exists in DB for channel tikvahethiopia. Skipping.
Message 100205 already exists in DB for channel tikvahethiopia. Skipping.
Message 100204 already exists in DB for channel tikvahethiopia. Skipping.
Message 100203 already exists in DB for channel tikvahethiopia. Skipping.
Message 100202 already exists in DB for channel tikvahethiopia. Skipping.
Message 100201 already exists in DB for channel tikvahethiopia. Skipping.
Message 100200 already exists in DB for channel tikvahethiopia. Skipping.
Message 100199 already exists in DB for channel tikvahethiopia. Skipping.
Message 100197 already exists in DB for channel tikvahethiopia. Skipping.
New channels detected: {'ticvaethiopia'}. Attempting to add to real-time monitoring.
Message 100196 already exists in DB for channel tikvahethiopia. Skipping.
Error resolving entity or adding channel ticvaethiopia to monitor: No user has "ticvaethiopia" as username
Please ensure 'ticvaethiopia' is a public channel username (without '@') or a valid channel ID, and the Telegram client has access to it.
Message 100195 already exists in DB for channel tikvahethiopia. Skipping.
Message 100194 already exists in DB for channel tikvahethiopia. Skipping.
Message 100193 already exists in DB for channel tikvahethiopia. Skipping.
Message 100192 already exists in DB for channel tikvahethiopia. Skipping.
Message 100191 already exists in DB for channel tikvahethiopia. Skipping.
Message 100190 already exists in DB for channel tikvahethiopia. Skipping.
Message 100189 already exists in DB for channel tikvahethiopia. Skipping.
Message 100188 already exists in DB for channel tikvahethiopia. Skipping.
Message 100187 already exists in DB for channel tikvahethiopia. Skipping.
Message 100186 already exists in DB for channel tikvahethiopia. Skipping.
Message 100185 already exists in DB for channel tikvahethiopia. Skipping.
Message 100184 already exists in DB for channel tikvahethiopia. Skipping.
Message 100183 already exists in DB for channel tikvahethiopia. Skipping.
Message 100182 already exists in DB for channel tikvahethiopia. Skipping.
Message 100181 already exists in DB for channel tikvahethiopia. Skipping.
Message 100180 already exists in DB for channel tikvahethiopia. Skipping.
Message 100179 already exists in DB for channel tikvahethiopia. Skipping.
Received new message in zulu_tech: 3771
Message 100178 already exists in DB for channel tikvahethiopia. Skipping.
Message 100177 already exists in DB for channel tikvahethiopia. Skipping.
Message 100176 already exists in DB for channel tikvahethiopia. Skipping.
Message 100175 already exists in DB for channel tikvahethiopia. Skipping.
Message 100174 already exists in DB for channel tikvahethiopia. Skipping.
Message 100173 already exists in DB for channel tikvahethiopia. Skipping.
Message 100172 already exists in DB for channel tikvahethiopia. Skipping.
Message 100171 already exists in DB for channel tikvahethiopia. Skipping.
Message 100170 already exists in DB for channel tikvahethiopia. Skipping.
Message 100169 already exists in DB for channel tikvahethiopia. Skipping.
Message 100168 already exists in DB for channel tikvahethiopia. Skipping.
Message 100167 already exists in DB for channel tikvahethiopia. Skipping.
Message 100166 already exists in DB for channel tikvahethiopia. Skipping.
New channels detected: {'ticvaethiopia'}. Attempting to add to real-time monitoring.
Error resolving entity or adding channel ticvaethiopia to monitor: No user has "ticvaethiopia" as username
Please ensure 'ticvaethiopia' is a public channel username (without '@') or a valid channel ID, and the Telegram client has access to it.
Message 100165 already exists in DB for channel tikvahethiopia. Skipping.
Message 100164 already exists in DB for channel tikvahethiopia. Skipping.
Message 100163 already exists in DB for channel tikvahethiopia. Skipping.
Message 100162 already exists in DB for channel tikvahethiopia. Skipping.
Message 100161 already exists in DB for channel tikvahethiopia. Skipping.
Message 100160 already exists in DB for channel tikvahethiopia. Skipping.
Message 100159 already exists in DB for channel tikvahethiopia. Skipping.
Message 100158 already exists in DB for channel tikvahethiopia. Skipping.
Message 100157 already exists in DB for channel tikvahethiopia. Skipping.
Message 100156 already exists in DB for channel tikvahethiopia. Skipping.
Message 100155 already exists in DB for channel tikvahethiopia. Skipping.
Message 100154 already exists in DB for channel tikvahethiopia. Skipping.
Message 100153 already exists in DB for channel tikvahethiopia. Skipping.
Message 100152 already exists in DB for channel tikvahethiopia. Skipping.
Message 100151 already exists in DB for channel tikvahethiopia. Skipping.
Message 100150 already exists in DB for channel tikvahethiopia. Skipping.
Message 100149 already exists in DB for channel tikvahethiopia. Skipping.
Message 100148 already exists in DB for channel tikvahethiopia. Skipping.
Message 100147 already exists in DB for channel tikvahethiopia. Skipping.
Message 100146 already exists in DB for channel tikvahethiopia. Skipping.
Message 100145 already exists in DB for channel tikvahethiopia. Skipping.
Message 100144 already exists in DB for channel tikvahethiopia. Skipping.
Message 100143 already exists in DB for channel tikvahethiopia. Skipping.
Message 100142 already exists in DB for channel tikvahethiopia. Skipping.
Message 100141 already exists in DB for channel tikvahethiopia. Skipping.
Message 100140 already exists in DB for channel tikvahethiopia. Skipping.
Message 100139 already exists in DB for channel tikvahethiopia. Skipping.
Message 100138 already exists in DB for channel tikvahethiopia. Skipping.
Message 100137 already exists in DB for channel tikvahethiopia. Skipping.
Message 100136 already exists in DB for channel tikvahethiopia. Skipping.
Message 100135 already exists in DB for channel tikvahethiopia. Skipping.
Message 100134 already exists in DB for channel tikvahethiopia. Skipping.
Message 100133 already exists in DB for channel tikvahethiopia. Skipping.
Message 100132 already exists in DB for channel tikvahethiopia. Skipping.
Message 100131 already exists in DB for channel tikvahethiopia. Skipping.
Message 100130 already exists in DB for channel tikvahethiopia. Skipping.
Message 100129 already exists in DB for channel tikvahethiopia. Skipping.
Message 100128 already exists in DB for channel tikvahethiopia. Skipping.
Message 100127 already exists in DB for channel tikvahethiopia. Skipping.
Message 100126 already exists in DB for channel tikvahethiopia. Skipping.
Message 100125 already exists in DB for channel tikvahethiopia. Skipping.
Message 100124 already exists in DB for channel tikvahethiopia. Skipping.
Message 100123 already exists in DB for channel tikvahethiopia. Skipping.
Message 100122 already exists in DB for channel tikvahethiopia. Skipping.
Message 100121 already exists in DB for channel tikvahethiopia. Skipping.
Message 100120 already exists in DB for channel tikvahethiopia. Skipping.
Message 100119 already exists in DB for channel tikvahethiopia. Skipping.
Message 100118 already exists in DB for channel tikvahethiopia. Skipping.
Message 100117 already exists in DB for channel tikvahethiopia. Skipping.
Message 100116 already exists in DB for channel tikvahethiopia. Skipping.
Message 100115 already exists in DB for channel tikvahethiopia. Skipping.
New channels detected: {'ticvaethiopia'}. Attempting to add to real-time monitoring.
Error resolving entity or adding channel ticvaethiopia to monitor: No user has "ticvaethiopia" as username
Please ensure 'ticvaethiopia' is a public channel username (without '@') or a valid channel ID, and the Telegram client has access to it.
Message 100114 already exists in DB for channel tikvahethiopia. Skipping.
Message 100113 already exists in DB for channel tikvahethiopia. Skipping.
Message 100112 already exists in DB for channel tikvahethiopia. Skipping.
Message 100111 already exists in DB for channel tikvahethiopia. Skipping.
Message 100110 already exists in DB for channel tikvahethiopia. Skipping.
Message 100109 already exists in DB for channel tikvahethiopia. Skipping.
Message 100108 already exists in DB for channel tikvahethiopia. Skipping.
Message 100107 already exists in DB for channel tikvahethiopia. Skipping.
Message 100106 already exists in DB for channel tikvahethiopia. Skipping.
Message 100105 already exists in DB for channel tikvahethiopia. Skipping.
Message 100104 already exists in DB for channel tikvahethiopia. Skipping.
Message 100103 already exists in DB for channel tikvahethiopia. Skipping.
Message 100102 already exists in DB for channel tikvahethiopia. Skipping.
Message 100101 already exists in DB for channel tikvahethiopia. Skipping.
Message 100100 already exists in DB for channel tikvahethiopia. Skipping.
Message 100099 already exists in DB for channel tikvahethiopia. Skipping.
Message 100098 already exists in DB for channel tikvahethiopia. Skipping.
Message 100097 already exists in DB for channel tikvahethiopia. Skipping.
Message 100096 already exists in DB for channel tikvahethiopia. Skipping.
Message 100095 already exists in DB for channel tikvahethiopia. Skipping.
Message 100094 already exists in DB for channel tikvahethiopia. Skipping.
Message 100093 already exists in DB for channel tikvahethiopia. Skipping.
Message 100092 already exists in DB for channel tikvahethiopia. Skipping.
Message 100091 already exists in DB for channel tikvahethiopia. Skipping.
Message 100090 already exists in DB for channel tikvahethiopia. Skipping.
Message 100089 already exists in DB for channel tikvahethiopia. Skipping.
Message 100088 already exists in DB for channel tikvahethiopia. Skipping.
Message 100087 already exists in DB for channel tikvahethiopia. Skipping.
Message 100086 already exists in DB for channel tikvahethiopia. Skipping.
Message 100083 already exists in DB for channel tikvahethiopia. Skipping.
Message 100082 already exists in DB for channel tikvahethiopia. Skipping.
Message 100081 already exists in DB for channel tikvahethiopia. Skipping.
Message 100080 already exists in DB for channel tikvahethiopia. Skipping.
Message 100079 already exists in DB for channel tikvahethiopia. Skipping.
Message 100078 already exists in DB for channel tikvahethiopia. Skipping.
Message 100077 already exists in DB for channel tikvahethiopia. Skipping.
Message 100076 already exists in DB for channel tikvahethiopia. Skipping.
Message 100075 already exists in DB for channel tikvahethiopia. Skipping.
Message 100074 already exists in DB for channel tikvahethiopia. Skipping.
Message 100073 already exists in DB for channel tikvahethiopia. Skipping.
Message 100072 already exists in DB for channel tikvahethiopia. Skipping.
Message 100071 already exists in DB for channel tikvahethiopia. Skipping.
Message 100070 already exists in DB for channel tikvahethiopia. Skipping.
Message 100069 already exists in DB for channel tikvahethiopia. Skipping.
Message 100068 already exists in DB for channel tikvahethiopia. Skipping.
Message 100067 already exists in DB for channel tikvahethiopia. Skipping.
Message 100066 already exists in DB for channel tikvahethiopia. Skipping.
Message 100065 already exists in DB for channel tikvahethiopia. Skipping.
Message 100064 already exists in DB for channel tikvahethiopia. Skipping.
New channels detected: {'ticvaethiopia'}. Attempting to add to real-time monitoring.
Error resolving entity or adding channel ticvaethiopia to monitor: No user has "ticvaethiopia" as username
Please ensure 'ticvaethiopia' is a public channel username (without '@') or a valid channel ID, and the Telegram client has access to it.
Message 100063 already exists in DB for channel tikvahethiopia. Skipping.
Message 100062 already exists in DB for channel tikvahethiopia. Skipping.
Message 100061 already exists in DB for channel tikvahethiopia. Skipping.
Message 100060 already exists in DB for channel tikvahethiopia. Skipping.
Message 100059 already exists in DB for channel tikvahethiopia. Skipping.
Message 100058 already exists in DB for channel tikvahethiopia. Skipping.
Message 100052 already exists in DB for channel tikvahethiopia. Skipping.
Message 100051 already exists in DB for channel tikvahethiopia. Skipping.
Message 100048 already exists in DB for channel tikvahethiopia. Skipping.
Message 100047 already exists in DB for channel tikvahethiopia. Skipping.
Message 100046 already exists in DB for channel tikvahethiopia. Skipping.
Message 100045 already exists in DB for channel tikvahethiopia. Skipping.
Message 100044 already exists in DB for channel tikvahethiopia. Skipping.
Message 100043 already exists in DB for channel tikvahethiopia. Skipping.
Message 100042 already exists in DB for channel tikvahethiopia. Skipping.
Message 100041 already exists in DB for channel tikvahethiopia. Skipping.
Message 100040 already exists in DB for channel tikvahethiopia. Skipping.
Message 100039 already exists in DB for channel tikvahethiopia. Skipping.
Message 100038 already exists in DB for channel tikvahethiopia. Skipping.
Message 100037 already exists in DB for channel tikvahethiopia. Skipping.
Message 100036 already exists in DB for channel tikvahethiopia. Skipping.
Message 100035 already exists in DB for channel tikvahethiopia. Skipping.
Message 100034 already exists in DB for channel tikvahethiopia. Skipping.
Message 100033 already exists in DB for channel tikvahethiopia. Skipping.
Message 100032 already exists in DB for channel tikvahethiopia. Skipping.
Message 100031 already exists in DB for channel tikvahethiopia. Skipping.
Message 100030 already exists in DB for channel tikvahethiopia. Skipping.
Message 100029 already exists in DB for channel tikvahethiopia. Skipping.
Message 100028 already exists in DB for channel tikvahethiopia. Skipping.
Message 100027 already exists in DB for channel tikvahethiopia. Skipping.
Message 100026 already exists in DB for channel tikvahethiopia. Skipping.
Message 100025 already exists in DB for channel tikvahethiopia. Skipping.
Message 100024 already exists in DB for channel tikvahethiopia. Skipping.
Message 100023 already exists in DB for channel tikvahethiopia. Skipping.
Message 100022 already exists in DB for channel tikvahethiopia. Skipping.
Message 100021 already exists in DB for channel tikvahethiopia. Skipping.
Message 100020 already exists in DB for channel tikvahethiopia. Skipping.
Message 100019 already exists in DB for channel tikvahethiopia. Skipping.
Message 100018 already exists in DB for channel tikvahethiopia. Skipping.
Message 100017 already exists in DB for channel tikvahethiopia. Skipping.
Message 100014 already exists in DB for channel tikvahethiopia. Skipping.
Message 100013 already exists in DB for channel tikvahethiopia. Skipping.
Message 100012 already exists in DB for channel tikvahethiopia. Skipping.
Message 100011 already exists in DB for channel tikvahethiopia. Skipping.
Message 100010 already exists in DB for channel tikvahethiopia. Skipping.
Message 100009 already exists in DB for channel tikvahethiopia. Skipping.
Message 100008 already exists in DB for channel tikvahethiopia. Skipping.
Message 100007 already exists in DB for channel tikvahethiopia. Skipping.
New channels detected: {'ticvaethiopia'}. Attempting to add to real-time monitoring.
Error resolving entity or adding channel ticvaethiopia to monitor: No user has "ticvaethiopia" as username
Please ensure 'ticvaethiopia' is a public channel username (without '@') or a valid channel ID, and the Telegram client has access to it.
Message 100006 already exists in DB for channel tikvahethiopia. Skipping.
Message 100005 already exists in DB for channel tikvahethiopia. Skipping.
Message 100004 already exists in DB for channel tikvahethiopia. Skipping.
Message 100003 already exists in DB for channel tikvahethiopia. Skipping.
Message 100002 already exists in DB for channel tikvahethiopia. Skipping.
Message 3771 already exists in DB for channel zulu_tech. Skipping.
Message 100001 already exists in DB for channel tikvahethiopia. Skipping.
Message 100000 already exists in DB for channel tikvahethiopia. Skipping.
Message 99999 already exists in DB for channel tikvahethiopia. Skipping.
Message 99996 already exists in DB for channel tikvahethiopia. Skipping.
Message 99995 already exists in DB for channel tikvahethiopia. Skipping.
Message 99994 already exists in DB for channel tikvahethiopia. Skipping.
Message 99993 already exists in DB for channel tikvahethiopia. Skipping.
Message 99992 already exists in DB for channel tikvahethiopia. Skipping.
Message 99991 already exists in DB for channel tikvahethiopia. Skipping.
Message 99988 already exists in DB for channel tikvahethiopia. Skipping.
Message 99987 already exists in DB for channel tikvahethiopia. Skipping.
Message 99986 already exists in DB for channel tikvahethiopia. Skipping.
Message 99985 already exists in DB for channel tikvahethiopia. Skipping.
Message 99984 already exists in DB for channel tikvahethiopia. Skipping.
Message 99983 already exists in DB for channel tikvahethiopia. Skipping.
Message 99982 already exists in DB for channel tikvahethiopia. Skipping.
Message 99981 already exists in DB for channel tikvahethiopia. Skipping.
Message 99980 already exists in DB for channel tikvahethiopia. Skipping.
Message 99979 already exists in DB for channel tikvahethiopia. Skipping.
Message 99978 already exists in DB for channel tikvahethiopia. Skipping.
Message 99977 already exists in DB for channel tikvahethiopia. Skipping.
Message 99976 already exists in DB for channel tikvahethiopia. Skipping.
Message 99975 already exists in DB for channel tikvahethiopia. Skipping.
Message 99974 already exists in DB for channel tikvahethiopia. Skipping.
Message 99973 already exists in DB for channel tikvahethiopia. Skipping.
Message 99972 already exists in DB for channel tikvahethiopia. Skipping.
Message 99971 already exists in DB for channel tikvahethiopia. Skipping.
Message 99970 already exists in DB for channel tikvahethiopia. Skipping.
Message 99969 already exists in DB for channel tikvahethiopia. Skipping.
Message 99962 already exists in DB for channel tikvahethiopia. Skipping.
Message 99961 already exists in DB for channel tikvahethiopia. Skipping.
Message 99960 already exists in DB for channel tikvahethiopia. Skipping.
Message 99959 already exists in DB for channel tikvahethiopia. Skipping.
Message 99958 already exists in DB for channel tikvahethiopia. Skipping.
Message 99957 already exists in DB for channel tikvahethiopia. Skipping.
New channels detected: {'ticvaethiopia'}. Attempting to add to real-time monitoring.
Error resolving entity or adding channel ticvaethiopia to monitor: No user has "ticvaethiopia" as username
Please ensure 'ticvaethiopia' is a public channel username (without '@') or a valid channel ID, and the Telegram client has access to it.
Message 99956 already exists in DB for channel tikvahethiopia. Skipping.
Message 99955 already exists in DB for channel tikvahethiopia. Skipping.
Message 99952 already exists in DB for channel tikvahethiopia. Skipping.
Message 99951 already exists in DB for channel tikvahethiopia. Skipping.
Message 99949 already exists in DB for channel tikvahethiopia. Skipping.
Message 99948 already exists in DB for channel tikvahethiopia. Skipping.
Message 99946 already exists in DB for channel tikvahethiopia. Skipping.
Message 99945 already exists in DB for channel tikvahethiopia. Skipping.
Message 99944 already exists in DB for channel tikvahethiopia. Skipping.
Message 99943 already exists in DB for channel tikvahethiopia. Skipping.
Message 99942 already exists in DB for channel tikvahethiopia. Skipping.
Message 99941 already exists in DB for channel tikvahethiopia. Skipping.
Message 99940 already exists in DB for channel tikvahethiopia. Skipping.
Message 99938 already exists in DB for channel tikvahethiopia. Skipping.
Message 99937 already exists in DB for channel tikvahethiopia. Skipping.
Message 99936 already exists in DB for channel tikvahethiopia. Skipping.
Message 99935 already exists in DB for channel tikvahethiopia. Skipping.
Message 99934 already exists in DB for channel tikvahethiopia. Skipping.
Message 99933 already exists in DB for channel tikvahethiopia. Skipping.
Message 99932 already exists in DB for channel tikvahethiopia. Skipping.
Message 99931 already exists in DB for channel tikvahethiopia. Skipping.
Message 99930 already exists in DB for channel tikvahethiopia. Skipping.
Message 99929 already exists in DB for channel tikvahethiopia. Skipping.
Message 99928 already exists in DB for channel tikvahethiopia. Skipping.
Message 99926 already exists in DB for channel tikvahethiopia. Skipping.
Message 99925 already exists in DB for channel tikvahethiopia. Skipping.
Message 99922 already exists in DB for channel tikvahethiopia. Skipping.
Message 99921 already exists in DB for channel tikvahethiopia. Skipping.
Message 99920 already exists in DB for channel tikvahethiopia. Skipping.
Message 99916 already exists in DB for channel tikvahethiopia. Skipping.
Message 99915 already exists in DB for channel tikvahethiopia. Skipping.
Message 99914 already exists in DB for channel tikvahethiopia. Skipping.
Message 99913 already exists in DB for channel tikvahethiopia. Skipping.
Message 99912 already exists in DB for channel tikvahethiopia. Skipping.
Message 99911 already exists in DB for channel tikvahethiopia. Skipping.
Message 99910 already exists in DB for channel tikvahethiopia. Skipping.
Message 99909 already exists in DB for channel tikvahethiopia. Skipping.
Message 99908 already exists in DB for channel tikvahethiopia. Skipping.
Message 99906 already exists in DB for channel tikvahethiopia. Skipping.
Message 99905 already exists in DB for channel tikvahethiopia. Skipping.
Message 99904 already exists in DB for channel tikvahethiopia. Skipping.
Message 99903 already exists in DB for channel tikvahethiopia. Skipping.
Message 99902 already exists in DB for channel tikvahethiopia. Skipping.
Message 99901 already exists in DB for channel tikvahethiopia. Skipping.
Message 99900 already exists in DB for channel tikvahethiopia. Skipping.
Message 99899 already exists in DB for channel tikvahethiopia. Skipping.
Message 99898 already exists in DB for channel tikvahethiopia. Skipping.
Message 99897 already exists in DB for channel tikvahethiopia. Skipping.
Message 99896 already exists in DB for channel tikvahethiopia. Skipping.
Message 99895 already exists in DB for channel tikvahethiopia. Skipping.
Message 99894 already exists in DB for channel tikvahethiopia. Skipping.
Message 99893 already exists in DB for channel tikvahethiopia. Skipping.
Message 99892 already exists in DB for channel tikvahethiopia. Skipping.
Message 99891 already exists in DB for channel tikvahethiopia. Skipping.
New channels detected: {'ticvaethiopia'}. Attempting to add to real-time monitoring.
Message 99890 already exists in DB for channel tikvahethiopia. Skipping.
Error resolving entity or adding channel ticvaethiopia to monitor: No user has "ticvaethiopia" as username
Please ensure 'ticvaethiopia' is a public channel username (without '@') or a valid channel ID, and the Telegram client has access to it.
Message 99889 already exists in DB for channel tikvahethiopia. Skipping.
Message 99888 already exists in DB for channel tikvahethiopia. Skipping.
Message 99887 already exists in DB for channel tikvahethiopia. Skipping.
Message 99886 already exists in DB for channel tikvahethiopia. Skipping.
Message 99885 already exists in DB for channel tikvahethiopia. Skipping.
Message 99884 already exists in DB for channel tikvahethiopia. Skipping.
Message 99883 already exists in DB for channel tikvahethiopia. Skipping.
Message 99882 already exists in DB for channel tikvahethiopia. Skipping.
Message 99881 already exists in DB for channel tikvahethiopia. Skipping.
Message 99880 already exists in DB for channel tikvahethiopia. Skipping.
Message 99879 already exists in DB for channel tikvahethiopia. Skipping.
Message 99878 already exists in DB for channel tikvahethiopia. Skipping.
Message 99877 already exists in DB for channel tikvahethiopia. Skipping.
Message 99876 already exists in DB for channel tikvahethiopia. Skipping.
Message 99875 already exists in DB for channel tikvahethiopia. Skipping.
Message 99874 already exists in DB for channel tikvahethiopia. Skipping.
Message 99873 already exists in DB for channel tikvahethiopia. Skipping.
Message 99872 already exists in DB for channel tikvahethiopia. Skipping.
Message 99871 already exists in DB for channel tikvahethiopia. Skipping.
New channels detected: {'ticvaethiopia'}. Attempting to add to real-time monitoring.
Error resolving entity or adding channel ticvaethiopia to monitor: No user has "ticvaethiopia" as username
Please ensure 'ticvaethiopia' is a public channel username (without '@') or a valid channel ID, and the Telegram client has access to it.
Message 99866 already exists in DB for channel tikvahethiopia. Skipping.
Message 99865 already exists in DB for channel tikvahethiopia. Skipping.
Message 99864 already exists in DB for channel tikvahethiopia. Skipping.
Message 99863 already exists in DB for channel tikvahethiopia. Skipping.
Message 99862 already exists in DB for channel tikvahethiopia. Skipping.
Message 99861 already exists in DB for channel tikvahethiopia. Skipping.
Message 99860 already exists in DB for channel tikvahethiopia. Skipping.
Message 99859 already exists in DB for channel tikvahethiopia. Skipping.
Message 99858 already exists in DB for channel tikvahethiopia. Skipping.
Message 99857 already exists in DB for channel tikvahethiopia. Skipping.
Message 99856 already exists in DB for channel tikvahethiopia. Skipping.
Message 99855 already exists in DB for channel tikvahethiopia. Skipping.
Message 99854 already exists in DB for channel tikvahethiopia. Skipping.
Message 99853 already exists in DB for channel tikvahethiopia. Skipping.
Message 99852 already exists in DB for channel tikvahethiopia. Skipping.
Message 99851 already exists in DB for channel tikvahethiopia. Skipping.
Message 99850 already exists in DB for channel tikvahethiopia. Skipping.
Message 99849 already exists in DB for channel tikvahethiopia. Skipping.
Message 99848 already exists in DB for channel tikvahethiopia. Skipping.
Message 99847 already exists in DB for channel tikvahethiopia. Skipping.
Message 99846 already exists in DB for channel tikvahethiopia. Skipping.
Message 99845 already exists in DB for channel tikvahethiopia. Skipping.
Message 99844 already exists in DB for channel tikvahethiopia. Skipping.
New channels detected: {'ticvaethiopia'}. Attempting to add to real-time monitoring.
Error resolving entity or adding channel ticvaethiopia to monitor: No user has "ticvaethiopia" as username
Please ensure 'ticvaethiopia' is a public channel username (without '@') or a valid channel ID, and the Telegram client has access to it.
Message 99843 already exists in DB for channel tikvahethiopia. Skipping.
Message 99842 already exists in DB for channel tikvahethiopia. Skipping.
Message 99841 already exists in DB for channel tikvahethiopia. Skipping.
Message 99840 already exists in DB for channel tikvahethiopia. Skipping.
Message 99839 already exists in DB for channel tikvahethiopia. Skipping.
Message 99838 already exists in DB for channel tikvahethiopia. Skipping.
Message 99837 already exists in DB for channel tikvahethiopia. Skipping.
Message 99836 already exists in DB for channel tikvahethiopia. Skipping.
Message 99835 already exists in DB for channel tikvahethiopia. Skipping.
Message 99834 already exists in DB for channel tikvahethiopia. Skipping.
Message 99833 already exists in DB for channel tikvahethiopia. Skipping.
Message 99832 already exists in DB for channel tikvahethiopia. Skipping.
Message 99831 already exists in DB for channel tikvahethiopia. Skipping.
Message 99830 already exists in DB for channel tikvahethiopia. Skipping.
Message 99829 already exists in DB for channel tikvahethiopia. Skipping.
Message 99828 already exists in DB for channel tikvahethiopia. Skipping.
Message 99827 already exists in DB for channel tikvahethiopia. Skipping.
Message 99826 already exists in DB for channel tikvahethiopia. Skipping.
Message 99825 already exists in DB for channel tikvahethiopia. Skipping.
Message 99824 already exists in DB for channel tikvahethiopia. Skipping.
Message 99822 already exists in DB for channel tikvahethiopia. Skipping.
Message 99821 already exists in DB for channel tikvahethiopia. Skipping.
Message 99820 already exists in DB for channel tikvahethiopia. Skipping.
Message 99819 already exists in DB for channel tikvahethiopia. Skipping.
Message 99818 already exists in DB for channel tikvahethiopia. Skipping.
Message 99815 already exists in DB for channel tikvahethiopia. Skipping.
Message 99814 already exists in DB for channel tikvahethiopia. Skipping.
New channels detected: {'ticvaethiopia'}. Attempting to add to real-time monitoring.
Message 99813 already exists in DB for channel tikvahethiopia. Skipping.
Error resolving entity or adding channel ticvaethiopia to monitor: No user has "ticvaethiopia" as username
Please ensure 'ticvaethiopia' is a public channel username (without '@') or a valid channel ID, and the Telegram client has access to it.
Message 99812 already exists in DB for channel tikvahethiopia. Skipping.
Message 99811 already exists in DB for channel tikvahethiopia. Skipping.
Message 99810 already exists in DB for channel tikvahethiopia. Skipping.
Message 99809 already exists in DB for channel tikvahethiopia. Skipping.
Message 99808 already exists in DB for channel tikvahethiopia. Skipping.
Message 99807 already exists in DB for channel tikvahethiopia. Skipping.
Message 99806 already exists in DB for channel tikvahethiopia. Skipping.
Message 99805 already exists in DB for channel tikvahethiopia. Skipping.
Message 99804 already exists in DB for channel tikvahethiopia. Skipping.
Message 99803 already exists in DB for channel tikvahethiopia. Skipping.
New channels detected: {'ticvaethiopia'}. Attempting to add to real-time monitoring.
Error resolving entity or adding channel ticvaethiopia to monitor: No user has "ticvaethiopia" as username
Please ensure 'ticvaethiopia' is a public channel username (without '@') or a valid channel ID, and the Telegram client has access to it.
New channels detected: {'ticvaethiopia'}. Attempting to add to real-time monitoring.
Error resolving entity or adding channel ticvaethiopia to monitor: No user has "ticvaethiopia" as username
Please ensure 'ticvaethiopia' is a public channel username (without '@') or a valid channel ID, and the Telegram client has access to it.
New channels detected: {'ticvaethiopia'}. Attempting to add to real-time monitoring.
Error resolving entity or adding channel ticvaethiopia to monitor: No user has "ticvaethiopia" as username
Please ensure 'ticvaethiopia' is a public channel username (without '@') or a valid channel ID, and the Telegram client has access to it.
New channels detected: {'ticvaethiopia'}. Attempting to add to real-time monitoring.
Error resolving entity or adding channel ticvaethiopia to monitor: No user has "ticvaethiopia" as username
Please ensure 'ticvaethiopia' is a public channel username (without '@') or a valid channel ID, and the Telegram client has access to it.
New channels detected: {'ticvaethiopia'}. Attempting to add to real-time monitoring.
Error resolving entity or adding channel ticvaethiopia to monitor: No user has "ticvaethiopia" as username
Please ensure 'ticvaethiopia' is a public channel username (without '@') or a valid channel ID, and the Telegram client has access to it.
Saved message 99802 (media: True) for channel tikvahethiopia
Saved message 99800 (media: True) for channel tikvahethiopia
Saved message 99799 (media: True) for channel tikvahethiopia
Saved message 99798 (media: True) for channel tikvahethiopia
Received new message in zulu_tech: 3772
Saved message 99797 (media: True) for channel tikvahethiopia
New channels detected: {'ticvaethiopia'}. Attempting to add to real-time monitoring.
Error resolving entity or adding channel ticvaethiopia to monitor: No user has "ticvaethiopia" as username
Please ensure 'ticvaethiopia' is a public channel username (without '@') or a valid channel ID, and the Telegram client has access to it.
Saved message 99796 (media: True) for channel tikvahethiopia
Saved message 99795 (media: True) for channel tikvahethiopia
Saved message 99794 (media: True) for channel tikvahethiopia
Saved message 99793 (media: True) for channel tikvahethiopia
Saved message 99792 (media: True) for channel tikvahethiopia
Saved message 99791 (media: True) for channel tikvahethiopia
Saved message 99790 (media: True) for channel tikvahethiopia
Saved message 99789 (media: True) for channel tikvahethiopia
Saved message 99788 (media: True) for channel tikvahethiopia
Saved message 99787 (media: True) for channel tikvahethiopia
Saved message 99786 (media: True) for channel tikvahethiopia
Saved message 99785 (media: True) for channel tikvahethiopia
Saved message 99784 (media: True) for channel tikvahethiopia
Saved message 99783 (media: True) for channel tikvahethiopia
Saved message 99782 (media: True) for channel tikvahethiopia
Saved message 99781 (media: True) for channel tikvahethiopia
Saved message 99780 (media: True) for channel tikvahethiopia
Saved message 99779 (media: True) for channel tikvahethiopia
Saved message 99778 (media: True) for channel tikvahethiopia
New channels detected: {'ticvaethiopia'}. Attempting to add to real-time monitoring.
Error resolving entity or adding channel ticvaethiopia to monitor: No user has "ticvaethiopia" as username
Please ensure 'ticvaethiopia' is a public channel username (without '@') or a valid channel ID, and the Telegram client has access to it.
Saved message 99777 (media: True) for channel tikvahethiopia
Saved message 3772 (media: True) for channel zulu_tech
New channels detected: {'ticvaethiopia'}. Attempting to add to real-time monitoring.
Error resolving entity or adding channel ticvaethiopia to monitor: No user has "ticvaethiopia" as username
Please ensure 'ticvaethiopia' is a public channel username (without '@') or a valid channel ID, and the Telegram client has access to it.
New channels detected: {'ticvaethiopia'}. Attempting to add to real-time monitoring.
Error resolving entity or adding channel ticvaethiopia to monitor: No user has "ticvaethiopia" as username
Please ensure 'ticvaethiopia' is a public channel username (without '@') or a valid channel ID, and the Telegram client has access to it.
New channels detected: {'ticvaethiopia'}. Attempting to add to real-time monitoring.
Error resolving entity or adding channel ticvaethiopia to monitor: No user has "ticvaethiopia" as username
Please ensure 'ticvaethiopia' is a public channel username (without '@') or a valid channel ID, and the Telegram client has access to it.
New channels detected: {'ticvaethiopia'}. Attempting to add to real-time monitoring.
Error resolving entity or adding channel ticvaethiopia to monitor: No user has "ticvaethiopia" as username
Please ensure 'ticvaethiopia' is a public channel username (without '@') or a valid channel ID, and the Telegram client has access to it.
Saved message 99776 (media: True) for channel tikvahethiopia
Saved message 99775 (media: True) for channel tikvahethiopia
Saved message 99774 (media: True) for channel tikvahethiopia
Saved message 99773 (media: True) for channel tikvahethiopia
Saved message 99772 (media: True) for channel tikvahethiopia
Saved message 99771 (media: True) for channel tikvahethiopia
Saved message 99770 (media: True) for channel tikvahethiopia
Saved message 99769 (media: True) for channel tikvahethiopia
Saved message 99768 (media: True) for channel tikvahethiopia
Saved message 99767 (media: True) for channel tikvahethiopia
Saved message 99766 (media: True) for channel tikvahethiopia
Saved message 99765 (media: True) for channel tikvahethiopia
Saved message 99764 (media: True) for channel tikvahethiopia
Saved message 99763 (media: True) for channel tikvahethiopia
Saved message 99762 (media: True) for channel tikvahethiopia
Saved message 99761 (media: True) for channel tikvahethiopia
Saved message 99760 (media: True) for channel tikvahethiopia
Saved message 99759 (media: True) for channel tikvahethiopia
Saved message 99758 (media: True) for channel tikvahethiopia
Saved message 99757 (media: True) for channel tikvahethiopia
Saved message 99756 (media: True) for channel tikvahethiopia
Saved message 99754 (media: True) for channel tikvahethiopia
Saved message 99753 (media: True) for channel tikvahethiopia
Saved message 99752 (media: True) for channel tikvahethiopia
Saved message 99751 (media: True) for channel tikvahethiopia
Saved message 99750 (media: True) for channel tikvahethiopia
Saved message 99749 (media: True) for channel tikvahethiopia
Saved message 99748 (media: True) for channel tikvahethiopia
Saved message 99747 (media: True) for channel tikvahethiopia
Saved message 99746 (media: True) for channel tikvahethiopia
Saved message 99745 (media: True) for channel tikvahethiopia
New channels detected: {'ticvaethiopia'}. Attempting to add to real-time monitoring.
Error resolving entity or adding channel ticvaethiopia to monitor: No user has "ticvaethiopia" as username
Please ensure 'ticvaethiopia' is a public channel username (without '@') or a valid channel ID, and the Telegram client has access to it.
Saved message 99744 (media: True) for channel tikvahethiopia
Saved message 99743 (media: True) for channel tikvahethiopia
Saved message 99742 (media: True) for channel tikvahethiopia
Saved message 99741 (media: True) for channel tikvahethiopia
Saved message 99740 (media: True) for channel tikvahethiopia
Saved message 99739 (media: True) for channel tikvahethiopia
Saved message 99738 (media: True) for channel tikvahethiopia
Saved message 99737 (media: True) for channel tikvahethiopia
Saved message 99736 (media: True) for channel tikvahethiopia
Saved message 99735 (media: True) for channel tikvahethiopia
Saved message 99734 (media: True) for channel tikvahethiopia
New channels detected: {'ticvaethiopia'}. Attempting to add to real-time monitoring.
Saved message 99733 (media: True) for channel tikvahethiopia
Error resolving entity or adding channel ticvaethiopia to monitor: No user has "ticvaethiopia" as username
Please ensure 'ticvaethiopia' is a public channel username (without '@') or a valid channel ID, and the Telegram client has access to it.
Saved message 99732 (media: True) for channel tikvahethiopia
Saved message 99731 (media: True) for channel tikvahethiopia
Saved message 99730 (media: True) for channel tikvahethiopia
Saved message 99729 (media: True) for channel tikvahethiopia
Saved message 99728 (media: True) for channel tikvahethiopia
Saved message 99727 (media: True) for channel tikvahethiopia
Saved message 99726 (media: True) for channel tikvahethiopia
Saved message 99725 (media: True) for channel tikvahethiopia
Saved message 99724 (media: True) for channel tikvahethiopia
Saved message 99723 (media: True) for channel tikvahethiopia
Saved message 99722 (media: True) for channel tikvahethiopia
Saved message 99721 (media: True) for channel tikvahethiopia
Saved message 99719 (media: True) for channel tikvahethiopia
Saved message 99718 (media: True) for channel tikvahethiopia
Saved message 99717 (media: True) for channel tikvahethiopia
Saved message 99716 (media: True) for channel tikvahethiopia
Saved message 99715 (media: True) for channel tikvahethiopia
Saved message 99714 (media: True) for channel tikvahethiopia
Saved message 99713 (media: True) for channel tikvahethiopia
Saved message 99712 (media: True) for channel tikvahethiopia
Saved message 99711 (media: True) for channel tikvahethiopia
Saved message 99710 (media: True) for channel tikvahethiopia
Saved message 99709 (media: True) for channel tikvahethiopia
Saved message 99708 (media: True) for channel tikvahethiopia
Saved message 99707 (media: True) for channel tikvahethiopia
Saved message 99706 (media: True) for channel tikvahethiopia
Saved message 99705 (media: True) for channel tikvahethiopia
Saved message 99704 (media: True) for channel tikvahethiopia
Saved message 99703 (media: True) for channel tikvahethiopia
Saved message 99702 (media: True) for channel tikvahethiopia
Saved message 99701 (media: True) for channel tikvahethiopia
Saved message 99700 (media: True) for channel tikvahethiopia
Saved message 99699 (media: True) for channel tikvahethiopia
New channels detected: {'ticvaethiopia'}. Attempting to add to real-time monitoring.
Saved message 99698 (media: True) for channel tikvahethiopia
Error resolving entity or adding channel ticvaethiopia to monitor: No user has "ticvaethiopia" as username
Please ensure 'ticvaethiopia' is a public channel username (without '@') or a valid channel ID, and the Telegram client has access to it.
Saved message 99697 (media: True) for channel tikvahethiopia
Saved message 99696 (media: True) for channel tikvahethiopia
Saved message 99695 (media: True) for channel tikvahethiopia
Saved message 99694 (media: True) for channel tikvahethiopia
Saved message 99693 (media: True) for channel tikvahethiopia
Saved message 99692 (media: True) for channel tikvahethiopia
Saved message 99691 (media: True) for channel tikvahethiopia
Saved message 99690 (media: True) for channel tikvahethiopia
Saved message 99689 (media: True) for channel tikvahethiopia
Saved message 99688 (media: True) for channel tikvahethiopia
Saved message 99687 (media: True) for channel tikvahethiopia
Saved message 99686 (media: True) for channel tikvahethiopia
Saved message 99685 (media: True) for channel tikvahethiopia
Saved message 99684 (media: True) for channel tikvahethiopia
Saved message 99683 (media: True) for channel tikvahethiopia
Saved message 99682 (media: True) for channel tikvahethiopia
Saved message 99681 (media: True) for channel tikvahethiopia
Saved message 99680 (media: True) for channel tikvahethiopia
Saved message 99679 (media: True) for channel tikvahethiopia
Saved message 99678 (media: True) for channel tikvahethiopia
Saved message 99677 (media: True) for channel tikvahethiopia
Saved message 99676 (media: True) for channel tikvahethiopia
Saved message 99675 (media: True) for channel tikvahethiopia
Saved message 99674 (media: True) for channel tikvahethiopia
Saved message 99673 (media: True) for channel tikvahethiopia
Saved message 99672 (media: True) for channel tikvahethiopia
Saved message 99671 (media: True) for channel tikvahethiopia
Saved message 99670 (media: True) for channel tikvahethiopia
Saved message 99669 (media: True) for channel tikvahethiopia
Saved message 99668 (media: True) for channel tikvahethiopia
Saved message 99667 (media: True) for channel tikvahethiopia
Saved message 99666 (media: True) for channel tikvahethiopia
Saved message 99665 (media: True) for channel tikvahethiopia
Saved message 99664 (media: True) for channel tikvahethiopia
Saved message 99663 (media: True) for channel tikvahethiopia
Saved message 99662 (media: True) for channel tikvahethiopia
Saved message 99661 (media: True) for channel tikvahethiopia
Saved message 99660 (media: True) for channel tikvahethiopia
Saved message 99656 (media: True) for channel tikvahethiopia
Saved message 99655 (media: True) for channel tikvahethiopia
Saved message 99654 (media: True) for channel tikvahethiopia
Saved message 99653 (media: True) for channel tikvahethiopia
Saved message 99652 (media: True) for channel tikvahethiopia
Saved message 99651 (media: True) for channel tikvahethiopia
Saved message 99650 (media: True) for channel tikvahethiopia
Saved message 99649 (media: True) for channel tikvahethiopia
Saved message 99648 (media: True) for channel tikvahethiopia
Saved message 99647 (media: True) for channel tikvahethiopia
Saved message 99646 (media: True) for channel tikvahethiopia
Saved message 99645 (media: True) for channel tikvahethiopia
Saved message 99644 (media: True) for channel tikvahethiopia
Saved message 99643 (media: True) for channel tikvahethiopia
Saved message 99642 (media: True) for channel tikvahethiopia
Saved message 99641 (media: True) for channel tikvahethiopia
New channels detected: {'ticvaethiopia'}. Attempting to add to real-time monitoring.
Saved message 99640 (media: True) for channel tikvahethiopia
Error resolving entity or adding channel ticvaethiopia to monitor: No user has "ticvaethiopia" as username
Please ensure 'ticvaethiopia' is a public channel username (without '@') or a valid channel ID, and the Telegram client has access to it.
Saved message 99639 (media: True) for channel tikvahethiopia
Saved message 99638 (media: True) for channel tikvahethiopia
Finished fetching historical messages for tikvahethiopia.
Fetching up to 1000 historical messages from Dagmawi_Babi...
Saved message 32731 (media: True) for channel Dagmawi_Babi
Saved message 32730 (media: True) for channel Dagmawi_Babi
Saved message 32729 (media: True) for channel Dagmawi_Babi
Saved message 32728 (media: False) for channel Dagmawi_Babi
Saved message 32727 (media: False) for channel Dagmawi_Babi
Saved message 32726 (media: False) for channel Dagmawi_Babi
Saved message 32725 (media: False) for channel Dagmawi_Babi
New channels detected: {'ticvaethiopia'}. Attempting to add to real-time monitoring.
Error resolving entity or adding channel ticvaethiopia to monitor: No user has "ticvaethiopia" as username
Please ensure 'ticvaethiopia' is a public channel username (without '@') or a valid channel ID, and the Telegram client has access to it.
Saved message 32724 (media: True) for channel Dagmawi_Babi
Saved message 32723 (media: False) for channel Dagmawi_Babi
Saved message 32722 (media: True) for channel Dagmawi_Babi
Saved message 32721 (media: False) for channel Dagmawi_Babi
Saved message 32720 (media: False) for channel Dagmawi_Babi
Saved message 32719 (media: False) for channel Dagmawi_Babi
Saved message 32718 (media: True) for channel Dagmawi_Babi
Saved message 32717 (media: True) for channel Dagmawi_Babi
Saved message 32716 (media: True) for channel Dagmawi_Babi
Saved message 32715 (media: True) for channel Dagmawi_Babi
Saved message 32714 (media: True) for channel Dagmawi_Babi
Saved message 32713 (media: True) for channel Dagmawi_Babi
Saved message 32712 (media: True) for channel Dagmawi_Babi
New channels detected: {'ticvaethiopia'}. Attempting to add to real-time monitoring.
Error resolving entity or adding channel ticvaethiopia to monitor: No user has "ticvaethiopia" as username
Please ensure 'ticvaethiopia' is a public channel username (without '@') or a valid channel ID, and the Telegram client has access to it.
New channels detected: {'ticvaethiopia'}. Attempting to add to real-time monitoring.
Error resolving entity or adding channel ticvaethiopia to monitor: No user has "ticvaethiopia" as username
Please ensure 'ticvaethiopia' is a public channel username (without '@') or a valid channel ID, and the Telegram client has access to it.
Saved message 32711 (media: True) for channel Dagmawi_Babi
Saved message 32710 (media: False) for channel Dagmawi_Babi
Saved message 32709 (media: False) for channel Dagmawi_Babi
Saved message 32708 (media: True) for channel Dagmawi_Babi
Saved message 32707 (media: True) for channel Dagmawi_Babi
Saved message 32706 (media: False) for channel Dagmawi_Babi
Saved message 32705 (media: True) for channel Dagmawi_Babi
Saved message 32704 (media: True) for channel Dagmawi_Babi
Saved message 32703 (media: True) for channel Dagmawi_Babi
Saved message 32702 (media: True) for channel Dagmawi_Babi
Saved message 32701 (media: True) for channel Dagmawi_Babi
Saved message 32700 (media: False) for channel Dagmawi_Babi
Saved message 32699 (media: False) for channel Dagmawi_Babi
Saved message 32698 (media: True) for channel Dagmawi_Babi
Saved message 32697 (media: True) for channel Dagmawi_Babi
Saved message 32696 (media: True) for channel Dagmawi_Babi
Saved message 32695 (media: True) for channel Dagmawi_Babi
Saved message 32694 (media: True) for channel Dagmawi_Babi
Saved message 32693 (media: True) for channel Dagmawi_Babi
Saved message 32692 (media: True) for channel Dagmawi_Babi
Saved message 32691 (media: True) for channel Dagmawi_Babi
Saved message 32690 (media: True) for channel Dagmawi_Babi
Saved message 32689 (media: True) for channel Dagmawi_Babi
Saved message 32688 (media: True) for channel Dagmawi_Babi
Saved message 32687 (media: True) for channel Dagmawi_Babi
Saved message 32686 (media: True) for channel Dagmawi_Babi
Saved message 32685 (media: True) for channel Dagmawi_Babi
Saved message 32684 (media: False) for channel Dagmawi_Babi
New channels detected: {'ticvaethiopia'}. Attempting to add to real-time monitoring.
Error resolving entity or adding channel ticvaethiopia to monitor: No user has "ticvaethiopia" as username
Please ensure 'ticvaethiopia' is a public channel username (without '@') or a valid channel ID, and the Telegram client has access to it.
Saved message 32683 (media: True) for channel Dagmawi_Babi
Saved message 32682 (media: False) for channel Dagmawi_Babi
Saved message 32681 (media: False) for channel Dagmawi_Babi
Saved message 32680 (media: False) for channel Dagmawi_Babi
Saved message 32679 (media: False) for channel Dagmawi_Babi
Saved message 32678 (media: True) for channel Dagmawi_Babi
Saved message 32677 (media: True) for channel Dagmawi_Babi
Saved message 32676 (media: False) for channel Dagmawi_Babi
Saved message 32675 (media: True) for channel Dagmawi_Babi
Saved message 32674 (media: True) for channel Dagmawi_Babi
Saved message 32673 (media: True) for channel Dagmawi_Babi
Saved message 32672 (media: True) for channel Dagmawi_Babi
Saved message 32671 (media: False) for channel Dagmawi_Babi
Saved message 32670 (media: True) for channel Dagmawi_Babi
Saved message 32669 (media: True) for channel Dagmawi_Babi
Saved message 32668 (media: True) for channel Dagmawi_Babi
Saved message 32667 (media: True) for channel Dagmawi_Babi
Saved message 32666 (media: True) for channel Dagmawi_Babi
Saved message 32665 (media: True) for channel Dagmawi_Babi
Saved message 32664 (media: True) for channel Dagmawi_Babi
Saved message 32663 (media: True) for channel Dagmawi_Babi
Saved message 32662 (media: True) for channel Dagmawi_Babi
Saved message 32661 (media: True) for channel Dagmawi_Babi
Saved message 32660 (media: True) for channel Dagmawi_Babi
Saved message 32659 (media: True) for channel Dagmawi_Babi
New channels detected: {'ticvaethiopia'}. Attempting to add to real-time monitoring.
Error resolving entity or adding channel ticvaethiopia to monitor: No user has "ticvaethiopia" as username
Please ensure 'ticvaethiopia' is a public channel username (without '@') or a valid channel ID, and the Telegram client has access to it.
Saved message 32658 (media: True) for channel Dagmawi_Babi
New channels detected: {'ticvaethiopia'}. Attempting to add to real-time monitoring.
Error resolving entity or adding channel ticvaethiopia to monitor: No user has "ticvaethiopia" as username
Please ensure 'ticvaethiopia' is a public channel username (without '@') or a valid channel ID, and the Telegram client has access to it.
New channels detected: {'ticvaethiopia'}. Attempting to add to real-time monitoring.
Error resolving entity or adding channel ticvaethiopia to monitor: No user has "ticvaethiopia" as username
Please ensure 'ticvaethiopia' is a public channel username (without '@') or a valid channel ID, and the Telegram client has access to it.
Saved message 32657 (media: True) for channel Dagmawi_Babi
New channels detected: {'ticvaethiopia'}. Attempting to add to real-time monitoring.
Error resolving entity or adding channel ticvaethiopia to monitor: No user has "ticvaethiopia" as username
Please ensure 'ticvaethiopia' is a public channel username (without '@') or a valid channel ID, and the Telegram client has access to it.
New channels detected: {'ticvaethiopia'}. Attempting to add to real-time monitoring.
Error resolving entity or adding channel ticvaethiopia to monitor: No user has "ticvaethiopia" as username
Please ensure 'ticvaethiopia' is a public channel username (without '@') or a valid channel ID, and the Telegram client has access to it.
New channels detected: {'ticvaethiopia'}. Attempting to add to real-time monitoring.
Error resolving entity or adding channel ticvaethiopia to monitor: No user has "ticvaethiopia" as username
Please ensure 'ticvaethiopia' is a public channel username (without '@') or a valid channel ID, and the Telegram client has access to it.
Saved message 32656 (media: True) for channel Dagmawi_Babi
New channels detected: {'ticvaethiopia'}. Attempting to add to real-time monitoring.
Error resolving entity or adding channel ticvaethiopia to monitor: No user has "ticvaethiopia" as username
Please ensure 'ticvaethiopia' is a public channel username (without '@') or a valid channel ID, and the Telegram client has access to it.
New channels detected: {'ticvaethiopia'}. Attempting to add to real-time monitoring.
Error resolving entity or adding channel ticvaethiopia to monitor: No user has "ticvaethiopia" as username
Please ensure 'ticvaethiopia' is a public channel username (without '@') or a valid channel ID, and the Telegram client has access to it.
New channels detected: {'ticvaethiopia'}. Attempting to add to real-time monitoring.
Error resolving entity or adding channel ticvaethiopia to monitor: No user has "ticvaethiopia" as username
Please ensure 'ticvaethiopia' is a public channel username (without '@') or a valid channel ID, and the Telegram client has access to it.
Saved message 32655 (media: True) for channel Dagmawi_Babi
Saved message 32654 (media: False) for channel Dagmawi_Babi
New channels detected: {'ticvaethiopia'}. Attempting to add to real-time monitoring.
Error resolving entity or adding channel ticvaethiopia to monitor: No user has "ticvaethiopia" as username
Please ensure 'ticvaethiopia' is a public channel username (without '@') or a valid channel ID, and the Telegram client has access to it.
Saved message 32653 (media: True) for channel Dagmawi_Babi
Saved message 32651 (media: False) for channel Dagmawi_Babi
Saved message 32650 (media: True) for channel Dagmawi_Babi
Saved message 32649 (media: True) for channel Dagmawi_Babi
Saved message 32648 (media: True) for channel Dagmawi_Babi
Saved message 32647 (media: False) for channel Dagmawi_Babi
Saved message 32646 (media: False) for channel Dagmawi_Babi
Saved message 32645 (media: False) for channel Dagmawi_Babi
Saved message 32644 (media: False) for channel Dagmawi_Babi
Saved message 32643 (media: True) for channel Dagmawi_Babi
Saved message 32642 (media: True) for channel Dagmawi_Babi
Saved message 32641 (media: False) for channel Dagmawi_Babi
New channels detected: {'ticvaethiopia'}. Attempting to add to real-time monitoring.
Error resolving entity or adding channel ticvaethiopia to monitor: No user has "ticvaethiopia" as username
Please ensure 'ticvaethiopia' is a public channel username (without '@') or a valid channel ID, and the Telegram client has access to it.
New channels detected: {'ticvaethiopia'}. Attempting to add to real-time monitoring.
Error resolving entity or adding channel ticvaethiopia to monitor: No user has "ticvaethiopia" as username
Please ensure 'ticvaethiopia' is a public channel username (without '@') or a valid channel ID, and the Telegram client has access to it.
Received new message in LaptopLaivstyle: 9104
Saved message 9104 (media: True) for channel LaptopLaivstyle
New channels detected: {'ticvaethiopia'}. Attempting to add to real-time monitoring.
Error resolving entity or adding channel ticvaethiopia to monitor: No user has "ticvaethiopia" as username
Please ensure 'ticvaethiopia' is a public channel username (without '@') or a valid channel ID, and the Telegram client has access to it.
Saved message 32640 (media: True) for channel Dagmawi_Babi
Saved message 32638 (media: True) for channel Dagmawi_Babi
Saved message 32637 (media: True) for channel Dagmawi_Babi
Saved message 32636 (media: True) for channel Dagmawi_Babi
Saved message 32635 (media: True) for channel Dagmawi_Babi
Saved message 32634 (media: False) for channel Dagmawi_Babi
Saved message 32633 (media: False) for channel Dagmawi_Babi
Saved message 32632 (media: True) for channel Dagmawi_Babi
Saved message 32631 (media: True) for channel Dagmawi_Babi
Saved message 32630 (media: True) for channel Dagmawi_Babi
Saved message 32629 (media: True) for channel Dagmawi_Babi
Saved message 32628 (media: False) for channel Dagmawi_Babi
Saved message 32627 (media: False) for channel Dagmawi_Babi
Saved message 32626 (media: False) for channel Dagmawi_Babi
New channels detected: {'ticvaethiopia'}. Attempting to add to real-time monitoring.
Error resolving entity or adding channel ticvaethiopia to monitor: No user has "ticvaethiopia" as username
Please ensure 'ticvaethiopia' is a public channel username (without '@') or a valid channel ID, and the Telegram client has access to it.
Saved message 32625 (media: True) for channel Dagmawi_Babi
Saved message 32624 (media: False) for channel Dagmawi_Babi
Saved message 32623 (media: False) for channel Dagmawi_Babi
Saved message 32622 (media: False) for channel Dagmawi_Babi
Saved message 32621 (media: True) for channel Dagmawi_Babi
Saved message 32620 (media: True) for channel Dagmawi_Babi
Saved message 32619 (media: False) for channel Dagmawi_Babi
Saved message 32618 (media: False) for channel Dagmawi_Babi
Saved message 32617 (media: True) for channel Dagmawi_Babi
Saved message 32616 (media: True) for channel Dagmawi_Babi
Saved message 32615 (media: True) for channel Dagmawi_Babi
Saved message 32614 (media: True) for channel Dagmawi_Babi
Saved message 32613 (media: True) for channel Dagmawi_Babi
Saved message 32612 (media: True) for channel Dagmawi_Babi
Saved message 32611 (media: True) for channel Dagmawi_Babi
Saved message 32610 (media: True) for channel Dagmawi_Babi
Saved message 32609 (media: True) for channel Dagmawi_Babi
Saved message 32608 (media: True) for channel Dagmawi_Babi
Saved message 32607 (media: True) for channel Dagmawi_Babi
Saved message 32606 (media: True) for channel Dagmawi_Babi
Saved message 32605 (media: False) for channel Dagmawi_Babi
Saved message 32604 (media: False) for channel Dagmawi_Babi
Saved message 32603 (media: False) for channel Dagmawi_Babi
Saved message 32602 (media: False) for channel Dagmawi_Babi
Server closed the connection: 0 bytes read on a total of 8 expected bytes
Saved message 32601 (media: True) for channel Dagmawi_Babi
Saved message 32600 (media: False) for channel Dagmawi_Babi
Saved message 32599 (media: False) for channel Dagmawi_Babi
Saved message 32598 (media: False) for channel Dagmawi_Babi
Saved message 32597 (media: False) for channel Dagmawi_Babi
New channels detected: {'ticvaethiopia'}. Attempting to add to real-time monitoring.
Error resolving entity or adding channel ticvaethiopia to monitor: No user has "ticvaethiopia" as username
Please ensure 'ticvaethiopia' is a public channel username (without '@') or a valid channel ID, and the Telegram client has access to it.
Saved message 32596 (media: True) for channel Dagmawi_Babi
Saved message 32595 (media: False) for channel Dagmawi_Babi
Saved message 32594 (media: False) for channel Dagmawi_Babi
Saved message 32593 (media: False) for channel Dagmawi_Babi
Saved message 32592 (media: False) for channel Dagmawi_Babi
Saved message 32591 (media: False) for channel Dagmawi_Babi
Saved message 32590 (media: False) for channel Dagmawi_Babi
Saved message 32589 (media: False) for channel Dagmawi_Babi
Saved message 32588 (media: False) for channel Dagmawi_Babi
Saved message 32587 (media: True) for channel Dagmawi_Babi
New channels detected: {'ticvaethiopia'}. Attempting to add to real-time monitoring.
Error resolving entity or adding channel ticvaethiopia to monitor: No user has "ticvaethiopia" as username
Please ensure 'ticvaethiopia' is a public channel username (without '@') or a valid channel ID, and the Telegram client has access to it.
New channels detected: {'ticvaethiopia'}. Attempting to add to real-time monitoring.
Error resolving entity or adding channel ticvaethiopia to monitor: No user has "ticvaethiopia" as username
Please ensure 'ticvaethiopia' is a public channel username (without '@') or a valid channel ID, and the Telegram client has access to it.
Saved message 32586 (media: True) for channel Dagmawi_Babi
New channels detected: {'ticvaethiopia'}. Attempting to add to real-time monitoring.
Error resolving entity or adding channel ticvaethiopia to monitor: No user has "ticvaethiopia" as username
Please ensure 'ticvaethiopia' is a public channel username (without '@') or a valid channel ID, and the Telegram client has access to it.
Saved message 32585 (media: True) for channel Dagmawi_Babi
New channels detected: {'ticvaethiopia'}. Attempting to add to real-time monitoring.
Error resolving entity or adding channel ticvaethiopia to monitor: No user has "ticvaethiopia" as username
Please ensure 'ticvaethiopia' is a public channel username (without '@') or a valid channel ID, and the Telegram client has access to it.
New channels detected: {'ticvaethiopia'}. Attempting to add to real-time monitoring.
Error resolving entity or adding channel ticvaethiopia to monitor: No user has "ticvaethiopia" as username
Please ensure 'ticvaethiopia' is a public channel username (without '@') or a valid channel ID, and the Telegram client has access to it.
Saved message 32584 (media: True) for channel Dagmawi_Babi
New channels detected: {'ticvaethiopia'}. Attempting to add to real-time monitoring.
Error resolving entity or adding channel ticvaethiopia to monitor: No user has "ticvaethiopia" as username
Please ensure 'ticvaethiopia' is a public channel username (without '@') or a valid channel ID, and the Telegram client has access to it.
New channels detected: {'ticvaethiopia'}. Attempting to add to real-time monitoring.
Error resolving entity or adding channel ticvaethiopia to monitor: No user has "ticvaethiopia" as username
Please ensure 'ticvaethiopia' is a public channel username (without '@') or a valid channel ID, and the Telegram client has access to it.
New channels detected: {'ticvaethiopia'}. Attempting to add to real-time monitoring.
Error resolving entity or adding channel ticvaethiopia to monitor: No user has "ticvaethiopia" as username
Please ensure 'ticvaethiopia' is a public channel username (without '@') or a valid channel ID, and the Telegram client has access to it.
Received new message in LaptopLaivstyle: 9105
Saved message 9105 (media: False) for channel LaptopLaivstyle
New channels detected: {'ticvaethiopia'}. Attempting to add to real-time monitoring.
Error resolving entity or adding channel ticvaethiopia to monitor: No user has "ticvaethiopia" as username
Please ensure 'ticvaethiopia' is a public channel username (without '@') or a valid channel ID, and the Telegram client has access to it.
Saved message 32583 (media: True) for channel Dagmawi_Babi
New channels detected: {'ticvaethiopia'}. Attempting to add to real-time monitoring.
Error resolving entity or adding channel ticvaethiopia to monitor: No user has "ticvaethiopia" as username
Please ensure 'ticvaethiopia' is a public channel username (without '@') or a valid channel ID, and the Telegram client has access to it.
Saved message 32582 (media: True) for channel Dagmawi_Babi
New channels detected: {'ticvaethiopia'}. Attempting to add to real-time monitoring.
Error resolving entity or adding channel ticvaethiopia to monitor: No user has "ticvaethiopia" as username
Please ensure 'ticvaethiopia' is a public channel username (without '@') or a valid channel ID, and the Telegram client has access to it.
Saved message 32581 (media: True) for channel Dagmawi_Babi
New channels detected: {'ticvaethiopia'}. Attempting to add to real-time monitoring.
Error resolving entity or adding channel ticvaethiopia to monitor: No user has "ticvaethiopia" as username
Please ensure 'ticvaethiopia' is a public channel username (without '@') or a valid channel ID, and the Telegram client has access to it.
Saved message 32580 (media: True) for channel Dagmawi_Babi
Saved message 32579 (media: True) for channel Dagmawi_Babi
Saved message 32578 (media: True) for channel Dagmawi_Babi
Saved message 32577 (media: False) for channel Dagmawi_Babi
Saved message 32576 (media: True) for channel Dagmawi_Babi
Saved message 32575 (media: False) for channel Dagmawi_Babi
Saved message 32574 (media: False) for channel Dagmawi_Babi
Saved message 32573 (media: True) for channel Dagmawi_Babi
Saved message 32572 (media: True) for channel Dagmawi_Babi
Saved message 32571 (media: True) for channel Dagmawi_Babi
Saved message 32570 (media: False) for channel Dagmawi_Babi
Saved message 32569 (media: True) for channel Dagmawi_Babi
Saved message 32568 (media: False) for channel Dagmawi_Babi
Saved message 32567 (media: False) for channel Dagmawi_Babi
Saved message 32566 (media: False) for channel Dagmawi_Babi
Saved message 32565 (media: False) for channel Dagmawi_Babi
Saved message 32564 (media: False) for channel Dagmawi_Babi
Saved message 32563 (media: False) for channel Dagmawi_Babi
Saved message 32562 (media: False) for channel Dagmawi_Babi
Saved message 32561 (media: False) for channel Dagmawi_Babi
Saved message 32560 (media: False) for channel Dagmawi_Babi
Saved message 32559 (media: False) for channel Dagmawi_Babi
Saved message 32558 (media: True) for channel Dagmawi_Babi
Saved message 32557 (media: True) for channel Dagmawi_Babi
Saved message 32556 (media: True) for channel Dagmawi_Babi
Saved message 32555 (media: True) for channel Dagmawi_Babi
Saved message 32554 (media: False) for channel Dagmawi_Babi
Saved message 32553 (media: False) for channel Dagmawi_Babi
Saved message 32552 (media: False) for channel Dagmawi_Babi
Saved message 32551 (media: True) for channel Dagmawi_Babi
Saved message 32550 (media: True) for channel Dagmawi_Babi
Saved message 32549 (media: False) for channel Dagmawi_Babi
Saved message 32548 (media: False) for channel Dagmawi_Babi
Saved message 32547 (media: True) for channel Dagmawi_Babi
Saved message 32546 (media: False) for channel Dagmawi_Babi
New channels detected: {'ticvaethiopia'}. Attempting to add to real-time monitoring.
Saved message 32545 (media: False) for channel Dagmawi_Babi
Error resolving entity or adding channel ticvaethiopia to monitor: No user has "ticvaethiopia" as username
Please ensure 'ticvaethiopia' is a public channel username (without '@') or a valid channel ID, and the Telegram client has access to it.
Saved message 32544 (media: True) for channel Dagmawi_Babi
Saved message 32543 (media: False) for channel Dagmawi_Babi
Saved message 32542 (media: False) for channel Dagmawi_Babi
Saved message 32541 (media: False) for channel Dagmawi_Babi
Saved message 32540 (media: False) for channel Dagmawi_Babi
Saved message 32539 (media: True) for channel Dagmawi_Babi
Saved message 32538 (media: False) for channel Dagmawi_Babi
Saved message 32536 (media: True) for channel Dagmawi_Babi
Saved message 32535 (media: True) for channel Dagmawi_Babi
Saved message 32534 (media: False) for channel Dagmawi_Babi
Saved message 32533 (media: True) for channel Dagmawi_Babi
Saved message 32532 (media: True) for channel Dagmawi_Babi
Saved message 32531 (media: True) for channel Dagmawi_Babi
Saved message 32530 (media: True) for channel Dagmawi_Babi
Saved message 32529 (media: False) for channel Dagmawi_Babi
Saved message 32528 (media: True) for channel Dagmawi_Babi
Saved message 32526 (media: True) for channel Dagmawi_Babi
Saved message 32525 (media: True) for channel Dagmawi_Babi
Saved message 32524 (media: False) for channel Dagmawi_Babi
Saved message 32523 (media: True) for channel Dagmawi_Babi
Saved message 32522 (media: False) for channel Dagmawi_Babi
Saved message 32521 (media: True) for channel Dagmawi_Babi
Saved message 32520 (media: True) for channel Dagmawi_Babi
Saved message 32519 (media: True) for channel Dagmawi_Babi
Saved message 32515 (media: True) for channel Dagmawi_Babi
Saved message 32514 (media: True) for channel Dagmawi_Babi
Saved message 32513 (media: True) for channel Dagmawi_Babi
Saved message 32512 (media: True) for channel Dagmawi_Babi
Saved message 32511 (media: True) for channel Dagmawi_Babi
Saved message 32510 (media: False) for channel Dagmawi_Babi
Saved message 32509 (media: False) for channel Dagmawi_Babi
Saved message 32508 (media: True) for channel Dagmawi_Babi
Saved message 32506 (media: False) for channel Dagmawi_Babi
Saved message 32505 (media: True) for channel Dagmawi_Babi
Saved message 32504 (media: False) for channel Dagmawi_Babi
Saved message 32503 (media: False) for channel Dagmawi_Babi
Saved message 32502 (media: True) for channel Dagmawi_Babi
Saved message 32501 (media: True) for channel Dagmawi_Babi
Saved message 32500 (media: True) for channel Dagmawi_Babi
Saved message 32499 (media: True) for channel Dagmawi_Babi
Saved message 32498 (media: True) for channel Dagmawi_Babi
Saved message 32497 (media: True) for channel Dagmawi_Babi
Saved message 32496 (media: True) for channel Dagmawi_Babi
Saved message 32495 (media: True) for channel Dagmawi_Babi
Saved message 32494 (media: False) for channel Dagmawi_Babi
Saved message 32493 (media: False) for channel Dagmawi_Babi
Saved message 32492 (media: False) for channel Dagmawi_Babi
Saved message 32491 (media: False) for channel Dagmawi_Babi
Saved message 32490 (media: False) for channel Dagmawi_Babi
Saved message 32489 (media: False) for channel Dagmawi_Babi
Saved message 32488 (media: False) for channel Dagmawi_Babi
Saved message 32487 (media: False) for channel Dagmawi_Babi
Saved message 32486 (media: True) for channel Dagmawi_Babi
Saved message 32485 (media: False) for channel Dagmawi_Babi
Saved message 32484 (media: True) for channel Dagmawi_Babi
Saved message 32483 (media: True) for channel Dagmawi_Babi
Saved message 32482 (media: False) for channel Dagmawi_Babi
Saved message 32481 (media: True) for channel Dagmawi_Babi
Saved message 32480 (media: False) for channel Dagmawi_Babi
Saved message 32479 (media: True) for channel Dagmawi_Babi
Saved message 32478 (media: False) for channel Dagmawi_Babi
Saved message 32477 (media: False) for channel Dagmawi_Babi
Saved message 32476 (media: True) for channel Dagmawi_Babi
Saved message 32475 (media: True) for channel Dagmawi_Babi
Saved message 32474 (media: True) for channel Dagmawi_Babi
Saved message 32470 (media: True) for channel Dagmawi_Babi
Saved message 32469 (media: True) for channel Dagmawi_Babi
Saved message 32468 (media: True) for channel Dagmawi_Babi
Saved message 32467 (media: True) for channel Dagmawi_Babi
Saved message 32466 (media: True) for channel Dagmawi_Babi
Saved message 32465 (media: True) for channel Dagmawi_Babi
Saved message 32464 (media: True) for channel Dagmawi_Babi
Saved message 32462 (media: False) for channel Dagmawi_Babi
Saved message 32460 (media: False) for channel Dagmawi_Babi
Saved message 32459 (media: True) for channel Dagmawi_Babi
Saved message 32458 (media: True) for channel Dagmawi_Babi
Saved message 32457 (media: True) for channel Dagmawi_Babi
Saved message 32456 (media: True) for channel Dagmawi_Babi
Saved message 32455 (media: True) for channel Dagmawi_Babi
Saved message 32454 (media: True) for channel Dagmawi_Babi
Saved message 32453 (media: True) for channel Dagmawi_Babi
Saved message 32452 (media: True) for channel Dagmawi_Babi
Saved message 32451 (media: True) for channel Dagmawi_Babi
Saved message 32450 (media: True) for channel Dagmawi_Babi
New channels detected: {'ticvaethiopia'}. Attempting to add to real-time monitoring.
Saved message 32449 (media: True) for channel Dagmawi_Babi
Error resolving entity or adding channel ticvaethiopia to monitor: No user has "ticvaethiopia" as username
Please ensure 'ticvaethiopia' is a public channel username (without '@') or a valid channel ID, and the Telegram client has access to it.
Saved message 32448 (media: True) for channel Dagmawi_Babi
Saved message 32447 (media: True) for channel Dagmawi_Babi
Saved message 32446 (media: False) for channel Dagmawi_Babi
Saved message 32445 (media: True) for channel Dagmawi_Babi
Saved message 32444 (media: True) for channel Dagmawi_Babi
Saved message 32443 (media: True) for channel Dagmawi_Babi
Saved message 32442 (media: True) for channel Dagmawi_Babi
Saved message 32441 (media: True) for channel Dagmawi_Babi
Saved message 32440 (media: True) for channel Dagmawi_Babi
Saved message 32439 (media: True) for channel Dagmawi_Babi
Saved message 32438 (media: False) for channel Dagmawi_Babi
Saved message 32437 (media: False) for channel Dagmawi_Babi
Saved message 32436 (media: False) for channel Dagmawi_Babi
Saved message 32435 (media: True) for channel Dagmawi_Babi
Saved message 32434 (media: False) for channel Dagmawi_Babi
Saved message 32433 (media: True) for channel Dagmawi_Babi
Saved message 32432 (media: False) for channel Dagmawi_Babi
Saved message 32431 (media: True) for channel Dagmawi_Babi
Saved message 32430 (media: True) for channel Dagmawi_Babi
Saved message 32429 (media: False) for channel Dagmawi_Babi
Saved message 32428 (media: True) for channel Dagmawi_Babi
Saved message 32427 (media: False) for channel Dagmawi_Babi
Saved message 32426 (media: True) for channel Dagmawi_Babi
New channels detected: {'ticvaethiopia'}. Attempting to add to real-time monitoring.
Saved message 32425 (media: True) for channel Dagmawi_Babi
Error resolving entity or adding channel ticvaethiopia to monitor: No user has "ticvaethiopia" as username
Please ensure 'ticvaethiopia' is a public channel username (without '@') or a valid channel ID, and the Telegram client has access to it.
Saved message 32424 (media: True) for channel Dagmawi_Babi
Saved message 32423 (media: True) for channel Dagmawi_Babi
Saved message 32422 (media: True) for channel Dagmawi_Babi
Saved message 32421 (media: True) for channel Dagmawi_Babi
Saved message 32420 (media: True) for channel Dagmawi_Babi
Saved message 32419 (media: True) for channel Dagmawi_Babi
Saved message 32418 (media: True) for channel Dagmawi_Babi
Saved message 32417 (media: True) for channel Dagmawi_Babi
Saved message 32416 (media: True) for channel Dagmawi_Babi
Saved message 32415 (media: True) for channel Dagmawi_Babi
Saved message 32414 (media: True) for channel Dagmawi_Babi
Saved message 32413 (media: True) for channel Dagmawi_Babi
Saved message 32412 (media: True) for channel Dagmawi_Babi
Saved message 32411 (media: True) for channel Dagmawi_Babi
Saved message 32410 (media: True) for channel Dagmawi_Babi
Saved message 32409 (media: True) for channel Dagmawi_Babi
Saved message 32408 (media: True) for channel Dagmawi_Babi
Saved message 32407 (media: False) for channel Dagmawi_Babi
Saved message 32406 (media: False) for channel Dagmawi_Babi
Server closed the connection: 0 bytes read on a total of 8 expected bytes
Saved message 32405 (media: False) for channel Dagmawi_Babi
Saved message 32404 (media: False) for channel Dagmawi_Babi
Saved message 32403 (media: False) for channel Dagmawi_Babi
Saved message 32402 (media: False) for channel Dagmawi_Babi
Saved message 32401 (media: False) for channel Dagmawi_Babi
Saved message 32400 (media: False) for channel Dagmawi_Babi
Saved message 32399 (media: False) for channel Dagmawi_Babi
Saved message 32398 (media: False) for channel Dagmawi_Babi
Saved message 32397 (media: True) for channel Dagmawi_Babi
Saved message 32396 (media: True) for channel Dagmawi_Babi
Saved message 32395 (media: True) for channel Dagmawi_Babi
Saved message 32394 (media: True) for channel Dagmawi_Babi
Saved message 32393 (media: True) for channel Dagmawi_Babi
Saved message 32392 (media: True) for channel Dagmawi_Babi
Saved message 32391 (media: True) for channel Dagmawi_Babi
Saved message 32390 (media: True) for channel Dagmawi_Babi
Saved message 32389 (media: True) for channel Dagmawi_Babi
Saved message 32388 (media: True) for channel Dagmawi_Babi
Saved message 32387 (media: True) for channel Dagmawi_Babi
Saved message 32386 (media: True) for channel Dagmawi_Babi
Saved message 32385 (media: True) for channel Dagmawi_Babi
New channels detected: {'ticvaethiopia'}. Attempting to add to real-time monitoring.
Error resolving entity or adding channel ticvaethiopia to monitor: No user has "ticvaethiopia" as username
Please ensure 'ticvaethiopia' is a public channel username (without '@') or a valid channel ID, and the Telegram client has access to it.
Saved message 32384 (media: True) for channel Dagmawi_Babi
Saved message 32383 (media: True) for channel Dagmawi_Babi
New channels detected: {'ticvaethiopia'}. Attempting to add to real-time monitoring.
Error resolving entity or adding channel ticvaethiopia to monitor: No user has "ticvaethiopia" as username
Please ensure 'ticvaethiopia' is a public channel username (without '@') or a valid channel ID, and the Telegram client has access to it.
New channels detected: {'ticvaethiopia'}. Attempting to add to real-time monitoring.
Error resolving entity or adding channel ticvaethiopia to monitor: No user has "ticvaethiopia" as username
Please ensure 'ticvaethiopia' is a public channel username (without '@') or a valid channel ID, and the Telegram client has access to it.
New channels detected: {'ticvaethiopia'}. Attempting to add to real-time monitoring.
Error resolving entity or adding channel ticvaethiopia to monitor: No user has "ticvaethiopia" as username
Please ensure 'ticvaethiopia' is a public channel username (without '@') or a valid channel ID, and the Telegram client has access to it.
New channels detected: {'ticvaethiopia'}. Attempting to add to real-time monitoring.
Error resolving entity or adding channel ticvaethiopia to monitor: No user has "ticvaethiopia" as username
Please ensure 'ticvaethiopia' is a public channel username (without '@') or a valid channel ID, and the Telegram client has access to it.
New channels detected: {'ticvaethiopia'}. Attempting to add to real-time monitoring.
Error resolving entity or adding channel ticvaethiopia to monitor: No user has "ticvaethiopia" as username
Please ensure 'ticvaethiopia' is a public channel username (without '@') or a valid channel ID, and the Telegram client has access to it.
New channels detected: {'ticvaethiopia'}. Attempting to add to real-time monitoring.
Error resolving entity or adding channel ticvaethiopia to monitor: No user has "ticvaethiopia" as username
Please ensure 'ticvaethiopia' is a public channel username (without '@') or a valid channel ID, and the Telegram client has access to it.
New channels detected: {'ticvaethiopia'}. Attempting to add to real-time monitoring.
Error resolving entity or adding channel ticvaethiopia to monitor: No user has "ticvaethiopia" as username
Please ensure 'ticvaethiopia' is a public channel username (without '@') or a valid channel ID, and the Telegram client has access to it.
Saved message 32382 (media: True) for channel Dagmawi_Babi
Saved message 32381 (media: False) for channel Dagmawi_Babi
Saved message 32380 (media: False) for channel Dagmawi_Babi
Saved message 32379 (media: False) for channel Dagmawi_Babi
New channels detected: {'ticvaethiopia'}. Attempting to add to real-time monitoring.
Error resolving entity or adding channel ticvaethiopia to monitor: No user has "ticvaethiopia" as username
Please ensure 'ticvaethiopia' is a public channel username (without '@') or a valid channel ID, and the Telegram client has access to it.
New channels detected: {'ticvaethiopia'}. Attempting to add to real-time monitoring.
Error resolving entity or adding channel ticvaethiopia to monitor: No user has "ticvaethiopia" as username
Please ensure 'ticvaethiopia' is a public channel username (without '@') or a valid channel ID, and the Telegram client has access to it.
New channels detected: {'ticvaethiopia'}. Attempting to add to real-time monitoring.
Error resolving entity or adding channel ticvaethiopia to monitor: No user has "ticvaethiopia" as username
Please ensure 'ticvaethiopia' is a public channel username (without '@') or a valid channel ID, and the Telegram client has access to it.
New channels detected: {'ticvaethiopia'}. Attempting to add to real-time monitoring.
Error resolving entity or adding channel ticvaethiopia to monitor: No user has "ticvaethiopia" as username
Please ensure 'ticvaethiopia' is a public channel username (without '@') or a valid channel ID, and the Telegram client has access to it.
Saved message 32378 (media: True) for channel Dagmawi_Babi
New channels detected: {'ticvaethiopia'}. Attempting to add to real-time monitoring.
Error resolving entity or adding channel ticvaethiopia to monitor: No user has "ticvaethiopia" as username
Please ensure 'ticvaethiopia' is a public channel username (without '@') or a valid channel ID, and the Telegram client has access to it.
Saved message 32377 (media: True) for channel Dagmawi_Babi
Saved message 32376 (media: True) for channel Dagmawi_Babi
Saved message 32375 (media: True) for channel Dagmawi_Babi
New channels detected: {'ticvaethiopia'}. Attempting to add to real-time monitoring.
Error resolving entity or adding channel ticvaethiopia to monitor: No user has "ticvaethiopia" as username
Please ensure 'ticvaethiopia' is a public channel username (without '@') or a valid channel ID, and the Telegram client has access to it.
Received new message in zulu_tech: 3773
Saved message 32374 (media: True) for channel Dagmawi_Babi
New channels detected: {'ticvaethiopia'}. Attempting to add to real-time monitoring.
Error resolving entity or adding channel ticvaethiopia to monitor: No user has "ticvaethiopia" as username
Please ensure 'ticvaethiopia' is a public channel username (without '@') or a valid channel ID, and the Telegram client has access to it.
Saved message 32373 (media: True) for channel Dagmawi_Babi
Saved message 32372 (media: True) for channel Dagmawi_Babi
Saved message 32371 (media: True) for channel Dagmawi_Babi
Saved message 32368 (media: True) for channel Dagmawi_Babi
Saved message 32367 (media: True) for channel Dagmawi_Babi
New channels detected: {'ticvaethiopia'}. Attempting to add to real-time monitoring.
Error resolving entity or adding channel ticvaethiopia to monitor: No user has "ticvaethiopia" as username
Please ensure 'ticvaethiopia' is a public channel username (without '@') or a valid channel ID, and the Telegram client has access to it.
Saved message 32366 (media: True) for channel Dagmawi_Babi
Saved message 32365 (media: True) for channel Dagmawi_Babi
Saved message 32364 (media: True) for channel Dagmawi_Babi
Saved message 32363 (media: True) for channel Dagmawi_Babi
Saved message 3773 (media: True) for channel zulu_tech
New channels detected: {'ticvaethiopia'}. Attempting to add to real-time monitoring.
Error resolving entity or adding channel ticvaethiopia to monitor: No user has "ticvaethiopia" as username
Please ensure 'ticvaethiopia' is a public channel username (without '@') or a valid channel ID, and the Telegram client has access to it.
Server closed the connection: 0 bytes read on a total of 8 expected bytes
Saved message 32362 (media: True) for channel Dagmawi_Babi
Saved message 32361 (media: False) for channel Dagmawi_Babi
Saved message 32360 (media: True) for channel Dagmawi_Babi
Saved message 32359 (media: True) for channel Dagmawi_Babi
Saved message 32358 (media: True) for channel Dagmawi_Babi
Saved message 32357 (media: True) for channel Dagmawi_Babi
Saved message 32356 (media: True) for channel Dagmawi_Babi
Saved message 32355 (media: True) for channel Dagmawi_Babi
Saved message 32354 (media: True) for channel Dagmawi_Babi
Saved message 32353 (media: True) for channel Dagmawi_Babi
Saved message 32352 (media: True) for channel Dagmawi_Babi
Saved message 32351 (media: True) for channel Dagmawi_Babi
Saved message 32350 (media: True) for channel Dagmawi_Babi
Saved message 32349 (media: True) for channel Dagmawi_Babi
Saved message 32348 (media: False) for channel Dagmawi_Babi
Saved message 32347 (media: True) for channel Dagmawi_Babi
New channels detected: {'ticvaethiopia'}. Attempting to add to real-time monitoring.
Error resolving entity or adding channel ticvaethiopia to monitor: No user has "ticvaethiopia" as username
Please ensure 'ticvaethiopia' is a public channel username (without '@') or a valid channel ID, and the Telegram client has access to it.
Saved message 32346 (media: True) for channel Dagmawi_Babi
Saved message 32345 (media: True) for channel Dagmawi_Babi
Saved message 32344 (media: False) for channel Dagmawi_Babi
Saved message 32343 (media: False) for channel Dagmawi_Babi
Saved message 32342 (media: False) for channel Dagmawi_Babi
Saved message 32341 (media: True) for channel Dagmawi_Babi
Saved message 32340 (media: True) for channel Dagmawi_Babi
Saved message 32339 (media: True) for channel Dagmawi_Babi
Saved message 32338 (media: True) for channel Dagmawi_Babi
Saved message 32337 (media: True) for channel Dagmawi_Babi
Saved message 32336 (media: True) for channel Dagmawi_Babi
Saved message 32335 (media: True) for channel Dagmawi_Babi
Saved message 32334 (media: True) for channel Dagmawi_Babi
Saved message 32333 (media: True) for channel Dagmawi_Babi
Saved message 32332 (media: True) for channel Dagmawi_Babi
New channels detected: {'ticvaethiopia'}. Attempting to add to real-time monitoring.
Error resolving entity or adding channel ticvaethiopia to monitor: No user has "ticvaethiopia" as username
Please ensure 'ticvaethiopia' is a public channel username (without '@') or a valid channel ID, and the Telegram client has access to it.
Saved message 32331 (media: True) for channel Dagmawi_Babi
Saved message 32330 (media: True) for channel Dagmawi_Babi
New channels detected: {'ticvaethiopia'}. Attempting to add to real-time monitoring.
Error resolving entity or adding channel ticvaethiopia to monitor: No user has "ticvaethiopia" as username
Please ensure 'ticvaethiopia' is a public channel username (without '@') or a valid channel ID, and the Telegram client has access to it.
Saved message 32329 (media: True) for channel Dagmawi_Babi
Saved message 32328 (media: True) for channel Dagmawi_Babi
Saved message 32327 (media: True) for channel Dagmawi_Babi
Saved message 32326 (media: True) for channel Dagmawi_Babi
Saved message 32325 (media: True) for channel Dagmawi_Babi
Saved message 32324 (media: True) for channel Dagmawi_Babi
Saved message 32323 (media: True) for channel Dagmawi_Babi
Saved message 32322 (media: True) for channel Dagmawi_Babi
Saved message 32321 (media: True) for channel Dagmawi_Babi
Saved message 32320 (media: False) for channel Dagmawi_Babi
Saved message 32319 (media: False) for channel Dagmawi_Babi
Saved message 32318 (media: True) for channel Dagmawi_Babi
Saved message 32317 (media: True) for channel Dagmawi_Babi
Saved message 32316 (media: False) for channel Dagmawi_Babi
Saved message 32315 (media: False) for channel Dagmawi_Babi
New channels detected: {'ticvaethiopia'}. Attempting to add to real-time monitoring.
Error resolving entity or adding channel ticvaethiopia to monitor: No user has "ticvaethiopia" as username
Please ensure 'ticvaethiopia' is a public channel username (without '@') or a valid channel ID, and the Telegram client has access to it.
Saved message 32314 (media: True) for channel Dagmawi_Babi
New channels detected: {'ticvaethiopia'}. Attempting to add to real-time monitoring.
Error resolving entity or adding channel ticvaethiopia to monitor: No user has "ticvaethiopia" as username
Please ensure 'ticvaethiopia' is a public channel username (without '@') or a valid channel ID, and the Telegram client has access to it.
New channels detected: {'ticvaethiopia'}. Attempting to add to real-time monitoring.
Error resolving entity or adding channel ticvaethiopia to monitor: No user has "ticvaethiopia" as username
Please ensure 'ticvaethiopia' is a public channel username (without '@') or a valid channel ID, and the Telegram client has access to it.
New channels detected: {'ticvaethiopia'}. Attempting to add to real-time monitoring.
Error resolving entity or adding channel ticvaethiopia to monitor: No user has "ticvaethiopia" as username
Please ensure 'ticvaethiopia' is a public channel username (without '@') or a valid channel ID, and the Telegram client has access to it.
New channels detected: {'ticvaethiopia'}. Attempting to add to real-time monitoring.
Error resolving entity or adding channel ticvaethiopia to monitor: No user has "ticvaethiopia" as username
Please ensure 'ticvaethiopia' is a public channel username (without '@') or a valid channel ID, and the Telegram client has access to it.
New channels detected: {'ticvaethiopia'}. Attempting to add to real-time monitoring.
Error resolving entity or adding channel ticvaethiopia to monitor: No user has "ticvaethiopia" as username
Please ensure 'ticvaethiopia' is a public channel username (without '@') or a valid channel ID, and the Telegram client has access to it.
Saved message 32313 (media: True) for channel Dagmawi_Babi
Saved message 32312 (media: True) for channel Dagmawi_Babi
Saved message 32311 (media: False) for channel Dagmawi_Babi
Saved message 32310 (media: False) for channel Dagmawi_Babi
Saved message 32309 (media: False) for channel Dagmawi_Babi
Saved message 32308 (media: True) for channel Dagmawi_Babi
Saved message 32307 (media: True) for channel Dagmawi_Babi
Saved message 32306 (media: True) for channel Dagmawi_Babi
Saved message 32305 (media: True) for channel Dagmawi_Babi
Saved message 32304 (media: True) for channel Dagmawi_Babi
Saved message 32303 (media: True) for channel Dagmawi_Babi
Saved message 32302 (media: True) for channel Dagmawi_Babi
New channels detected: {'ticvaethiopia'}. Attempting to add to real-time monitoring.
Error resolving entity or adding channel ticvaethiopia to monitor: No user has "ticvaethiopia" as username
Please ensure 'ticvaethiopia' is a public channel username (without '@') or a valid channel ID, and the Telegram client has access to it.
Saved message 32301 (media: True) for channel Dagmawi_Babi
Saved message 32300 (media: True) for channel Dagmawi_Babi
Saved message 32299 (media: True) for channel Dagmawi_Babi
New channels detected: {'ticvaethiopia'}. Attempting to add to real-time monitoring.
Error resolving entity or adding channel ticvaethiopia to monitor: No user has "ticvaethiopia" as username
Please ensure 'ticvaethiopia' is a public channel username (without '@') or a valid channel ID, and the Telegram client has access to it.
Saved message 32298 (media: True) for channel Dagmawi_Babi
Saved message 32297 (media: True) for channel Dagmawi_Babi
Saved message 32296 (media: False) for channel Dagmawi_Babi
Saved message 32295 (media: False) for channel Dagmawi_Babi
Saved message 32294 (media: False) for channel Dagmawi_Babi
Saved message 32293 (media: False) for channel Dagmawi_Babi
Saved message 32292 (media: False) for channel Dagmawi_Babi
Saved message 32291 (media: False) for channel Dagmawi_Babi
Saved message 32290 (media: False) for channel Dagmawi_Babi
Saved message 32289 (media: False) for channel Dagmawi_Babi
Saved message 32288 (media: True) for channel Dagmawi_Babi
Saved message 32287 (media: False) for channel Dagmawi_Babi
Saved message 32286 (media: True) for channel Dagmawi_Babi
Saved message 32285 (media: True) for channel Dagmawi_Babi
Saved message 32284 (media: False) for channel Dagmawi_Babi
Saved message 32283 (media: False) for channel Dagmawi_Babi
Saved message 32282 (media: False) for channel Dagmawi_Babi
Saved message 32281 (media: False) for channel Dagmawi_Babi
Saved message 32280 (media: False) for channel Dagmawi_Babi
Saved message 32279 (media: False) for channel Dagmawi_Babi
Saved message 32278 (media: False) for channel Dagmawi_Babi
Saved message 32277 (media: True) for channel Dagmawi_Babi
Saved message 32276 (media: True) for channel Dagmawi_Babi
Saved message 32275 (media: True) for channel Dagmawi_Babi
Saved message 32274 (media: True) for channel Dagmawi_Babi
Saved message 32273 (media: True) for channel Dagmawi_Babi
Saved message 32272 (media: True) for channel Dagmawi_Babi
Saved message 32271 (media: True) for channel Dagmawi_Babi
Saved message 32270 (media: True) for channel Dagmawi_Babi
Saved message 32269 (media: False) for channel Dagmawi_Babi
Saved message 32268 (media: False) for channel Dagmawi_Babi
Saved message 32267 (media: True) for channel Dagmawi_Babi
Saved message 32266 (media: True) for channel Dagmawi_Babi
New channels detected: {'ticvaethiopia'}. Attempting to add to real-time monitoring.
Error resolving entity or adding channel ticvaethiopia to monitor: No user has "ticvaethiopia" as username
Please ensure 'ticvaethiopia' is a public channel username (without '@') or a valid channel ID, and the Telegram client has access to it.
New channels detected: {'ticvaethiopia'}. Attempting to add to real-time monitoring.
Error resolving entity or adding channel ticvaethiopia to monitor: No user has "ticvaethiopia" as username
Please ensure 'ticvaethiopia' is a public channel username (without '@') or a valid channel ID, and the Telegram client has access to it.
Saved message 32265 (media: True) for channel Dagmawi_Babi
Saved message 32264 (media: True) for channel Dagmawi_Babi
Saved message 32263 (media: True) for channel Dagmawi_Babi
Saved message 32262 (media: True) for channel Dagmawi_Babi
Saved message 32261 (media: True) for channel Dagmawi_Babi
Saved message 32260 (media: True) for channel Dagmawi_Babi
Saved message 32259 (media: True) for channel Dagmawi_Babi
Saved message 32258 (media: True) for channel Dagmawi_Babi
Saved message 32257 (media: True) for channel Dagmawi_Babi
Saved message 32256 (media: True) for channel Dagmawi_Babi
Saved message 32255 (media: True) for channel Dagmawi_Babi
Saved message 32254 (media: True) for channel Dagmawi_Babi
Saved message 32253 (media: True) for channel Dagmawi_Babi
Saved message 32252 (media: True) for channel Dagmawi_Babi
Saved message 32251 (media: True) for channel Dagmawi_Babi
Saved message 32250 (media: True) for channel Dagmawi_Babi
Saved message 32249 (media: True) for channel Dagmawi_Babi
Saved message 32248 (media: True) for channel Dagmawi_Babi
Saved message 32247 (media: True) for channel Dagmawi_Babi
Saved message 32246 (media: True) for channel Dagmawi_Babi
Saved message 32245 (media: True) for channel Dagmawi_Babi
Saved message 32244 (media: True) for channel Dagmawi_Babi
Saved message 32243 (media: True) for channel Dagmawi_Babi
Saved message 32242 (media: True) for channel Dagmawi_Babi
Saved message 32241 (media: True) for channel Dagmawi_Babi
Saved message 32240 (media: True) for channel Dagmawi_Babi
Saved message 32239 (media: True) for channel Dagmawi_Babi
Saved message 32238 (media: False) for channel Dagmawi_Babi
Saved message 32237 (media: False) for channel Dagmawi_Babi
Saved message 32236 (media: True) for channel Dagmawi_Babi
Saved message 32235 (media: True) for channel Dagmawi_Babi
Saved message 32234 (media: True) for channel Dagmawi_Babi
Saved message 32233 (media: True) for channel Dagmawi_Babi
Saved message 32232 (media: True) for channel Dagmawi_Babi
Saved message 32231 (media: True) for channel Dagmawi_Babi
Saved message 32230 (media: True) for channel Dagmawi_Babi
Saved message 32229 (media: True) for channel Dagmawi_Babi
Saved message 32228 (media: True) for channel Dagmawi_Babi
Saved message 32227 (media: True) for channel Dagmawi_Babi
Saved message 32226 (media: True) for channel Dagmawi_Babi
Saved message 32225 (media: False) for channel Dagmawi_Babi
Saved message 32224 (media: False) for channel Dagmawi_Babi
New channels detected: {'ticvaethiopia'}. Attempting to add to real-time monitoring.
Error resolving entity or adding channel ticvaethiopia to monitor: No user has "ticvaethiopia" as username
Please ensure 'ticvaethiopia' is a public channel username (without '@') or a valid channel ID, and the Telegram client has access to it.
Saved message 32223 (media: True) for channel Dagmawi_Babi
Saved message 32222 (media: False) for channel Dagmawi_Babi
Saved message 32221 (media: False) for channel Dagmawi_Babi
Saved message 32220 (media: True) for channel Dagmawi_Babi
Saved message 32219 (media: True) for channel Dagmawi_Babi
Saved message 32218 (media: False) for channel Dagmawi_Babi
Saved message 32217 (media: False) for channel Dagmawi_Babi
Saved message 32216 (media: True) for channel Dagmawi_Babi
Received new message in freelance_ethio: 87263
Saved message 87263 (media: False) for channel freelance_ethio
Saved message 32215 (media: True) for channel Dagmawi_Babi
Saved message 32214 (media: True) for channel Dagmawi_Babi
Saved message 32213 (media: True) for channel Dagmawi_Babi
Saved message 32212 (media: True) for channel Dagmawi_Babi
Saved message 32211 (media: True) for channel Dagmawi_Babi
Saved message 32210 (media: True) for channel Dagmawi_Babi
Saved message 32209 (media: True) for channel Dagmawi_Babi
Saved message 32208 (media: True) for channel Dagmawi_Babi
Saved message 32207 (media: True) for channel Dagmawi_Babi
Saved message 32206 (media: True) for channel Dagmawi_Babi
Saved message 32205 (media: True) for channel Dagmawi_Babi
New channels detected: {'ticvaethiopia'}. Attempting to add to real-time monitoring.
Error resolving entity or adding channel ticvaethiopia to monitor: No user has "ticvaethiopia" as username
Please ensure 'ticvaethiopia' is a public channel username (without '@') or a valid channel ID, and the Telegram client has access to it.
Saved message 32204 (media: True) for channel Dagmawi_Babi
Saved message 32203 (media: True) for channel Dagmawi_Babi
Saved message 32202 (media: True) for channel Dagmawi_Babi
Saved message 32201 (media: True) for channel Dagmawi_Babi
Saved message 32200 (media: False) for channel Dagmawi_Babi
New channels detected: {'ticvaethiopia'}. Attempting to add to real-time monitoring.
Error resolving entity or adding channel ticvaethiopia to monitor: No user has "ticvaethiopia" as username
Please ensure 'ticvaethiopia' is a public channel username (without '@') or a valid channel ID, and the Telegram client has access to it.
Saved message 32199 (media: True) for channel Dagmawi_Babi
Saved message 32198 (media: True) for channel Dagmawi_Babi
Saved message 32197 (media: True) for channel Dagmawi_Babi
Saved message 32196 (media: True) for channel Dagmawi_Babi
New channels detected: {'ticvaethiopia'}. Attempting to add to real-time monitoring.
Error resolving entity or adding channel ticvaethiopia to monitor: No user has "ticvaethiopia" as username
Please ensure 'ticvaethiopia' is a public channel username (without '@') or a valid channel ID, and the Telegram client has access to it.
Saved message 32195 (media: True) for channel Dagmawi_Babi
Saved message 32194 (media: True) for channel Dagmawi_Babi
Saved message 32193 (media: True) for channel Dagmawi_Babi
Saved message 32192 (media: True) for channel Dagmawi_Babi
New channels detected: {'ticvaethiopia'}. Attempting to add to real-time monitoring.
Error resolving entity or adding channel ticvaethiopia to monitor: No user has "ticvaethiopia" as username
Please ensure 'ticvaethiopia' is a public channel username (without '@') or a valid channel ID, and the Telegram client has access to it.
Saved message 32191 (media: True) for channel Dagmawi_Babi
Saved message 32190 (media: True) for channel Dagmawi_Babi
Saved message 32189 (media: True) for channel Dagmawi_Babi
Saved message 32188 (media: True) for channel Dagmawi_Babi
New channels detected: {'ticvaethiopia'}. Attempting to add to real-time monitoring.
Error resolving entity or adding channel ticvaethiopia to monitor: No user has "ticvaethiopia" as username
Please ensure 'ticvaethiopia' is a public channel username (without '@') or a valid channel ID, and the Telegram client has access to it.
Saved message 32187 (media: True) for channel Dagmawi_Babi
Saved message 32186 (media: False) for channel Dagmawi_Babi
Saved message 32185 (media: True) for channel Dagmawi_Babi
Saved message 32184 (media: True) for channel Dagmawi_Babi
Saved message 32183 (media: True) for channel Dagmawi_Babi
New channels detected: {'ticvaethiopia'}. Attempting to add to real-time monitoring.
Error resolving entity or adding channel ticvaethiopia to monitor: No user has "ticvaethiopia" as username
Please ensure 'ticvaethiopia' is a public channel username (without '@') or a valid channel ID, and the Telegram client has access to it.
Saved message 32182 (media: True) for channel Dagmawi_Babi
Saved message 32181 (media: True) for channel Dagmawi_Babi
Received new message in freelance_ethio: 87264
Saved message 87264 (media: False) for channel freelance_ethio
New channels detected: {'ticvaethiopia'}. Attempting to add to real-time monitoring.
Error resolving entity or adding channel ticvaethiopia to monitor: No user has "ticvaethiopia" as username
Please ensure 'ticvaethiopia' is a public channel username (without '@') or a valid channel ID, and the Telegram client has access to it.
Saved message 32180 (media: True) for channel Dagmawi_Babi
Saved message 32179 (media: True) for channel Dagmawi_Babi
Saved message 32178 (media: True) for channel Dagmawi_Babi
New channels detected: {'ticvaethiopia'}. Attempting to add to real-time monitoring.
Error resolving entity or adding channel ticvaethiopia to monitor: No user has "ticvaethiopia" as username
Please ensure 'ticvaethiopia' is a public channel username (without '@') or a valid channel ID, and the Telegram client has access to it.
Saved message 32177 (media: True) for channel Dagmawi_Babi
Saved message 32176 (media: True) for channel Dagmawi_Babi
Saved message 32175 (media: True) for channel Dagmawi_Babi
Saved message 32174 (media: True) for channel Dagmawi_Babi
New channels detected: {'ticvaethiopia'}. Attempting to add to real-time monitoring.
Error resolving entity or adding channel ticvaethiopia to monitor: No user has "ticvaethiopia" as username
Please ensure 'ticvaethiopia' is a public channel username (without '@') or a valid channel ID, and the Telegram client has access to it.
Saved message 32173 (media: True) for channel Dagmawi_Babi
Saved message 32172 (media: True) for channel Dagmawi_Babi
Saved message 32171 (media: True) for channel Dagmawi_Babi
Saved message 32170 (media: True) for channel Dagmawi_Babi
Saved message 32169 (media: True) for channel Dagmawi_Babi
New channels detected: {'ticvaethiopia'}. Attempting to add to real-time monitoring.
Error resolving entity or adding channel ticvaethiopia to monitor: No user has "ticvaethiopia" as username
Please ensure 'ticvaethiopia' is a public channel username (without '@') or a valid channel ID, and the Telegram client has access to it.
Saved message 32168 (media: True) for channel Dagmawi_Babi
Saved message 32167 (media: False) for channel Dagmawi_Babi
Saved message 32166 (media: True) for channel Dagmawi_Babi
Saved message 32165 (media: False) for channel Dagmawi_Babi
Saved message 32164 (media: True) for channel Dagmawi_Babi
Saved message 32163 (media: True) for channel Dagmawi_Babi
Saved message 32162 (media: True) for channel Dagmawi_Babi
Saved message 32161 (media: True) for channel Dagmawi_Babi
Saved message 32160 (media: True) for channel Dagmawi_Babi
Saved message 32159 (media: True) for channel Dagmawi_Babi
Saved message 32158 (media: True) for channel Dagmawi_Babi
Saved message 32157 (media: True) for channel Dagmawi_Babi
Saved message 32156 (media: True) for channel Dagmawi_Babi
Saved message 32155 (media: True) for channel Dagmawi_Babi
Saved message 32148 (media: False) for channel Dagmawi_Babi
Saved message 32147 (media: False) for channel Dagmawi_Babi
Saved message 32146 (media: False) for channel Dagmawi_Babi
Saved message 32145 (media: False) for channel Dagmawi_Babi
Saved message 32144 (media: False) for channel Dagmawi_Babi
New channels detected: {'ticvaethiopia'}. Attempting to add to real-time monitoring.
Error resolving entity or adding channel ticvaethiopia to monitor: No user has "ticvaethiopia" as username
Please ensure 'ticvaethiopia' is a public channel username (without '@') or a valid channel ID, and the Telegram client has access to it.
New channels detected: {'ticvaethiopia'}. Attempting to add to real-time monitoring.
Error resolving entity or adding channel ticvaethiopia to monitor: No user has "ticvaethiopia" as username
Please ensure 'ticvaethiopia' is a public channel username (without '@') or a valid channel ID, and the Telegram client has access to it.
Saved message 32142 (media: True) for channel Dagmawi_Babi
Saved message 32141 (media: True) for channel Dagmawi_Babi
Saved message 32140 (media: True) for channel Dagmawi_Babi
Saved message 32139 (media: True) for channel Dagmawi_Babi
Saved message 32138 (media: True) for channel Dagmawi_Babi
Saved message 32136 (media: True) for channel Dagmawi_Babi
Saved message 32135 (media: False) for channel Dagmawi_Babi
Saved message 32134 (media: False) for channel Dagmawi_Babi
Saved message 32133 (media: False) for channel Dagmawi_Babi
Saved message 32132 (media: False) for channel Dagmawi_Babi
Saved message 32131 (media: True) for channel Dagmawi_Babi
Saved message 32130 (media: False) for channel Dagmawi_Babi
Saved message 32129 (media: False) for channel Dagmawi_Babi
Saved message 32128 (media: True) for channel Dagmawi_Babi
Saved message 32127 (media: True) for channel Dagmawi_Babi
Saved message 32126 (media: True) for channel Dagmawi_Babi
Saved message 32125 (media: True) for channel Dagmawi_Babi
Saved message 32124 (media: True) for channel Dagmawi_Babi
Saved message 32123 (media: True) for channel Dagmawi_Babi
Saved message 32122 (media: True) for channel Dagmawi_Babi
Saved message 32121 (media: True) for channel Dagmawi_Babi
Saved message 32120 (media: True) for channel Dagmawi_Babi
Saved message 32119 (media: True) for channel Dagmawi_Babi
Saved message 32118 (media: True) for channel Dagmawi_Babi
Saved message 32117 (media: False) for channel Dagmawi_Babi
New channels detected: {'ticvaethiopia'}. Attempting to add to real-time monitoring.
Error resolving entity or adding channel ticvaethiopia to monitor: No user has "ticvaethiopia" as username
Please ensure 'ticvaethiopia' is a public channel username (without '@') or a valid channel ID, and the Telegram client has access to it.
New channels detected: {'ticvaethiopia'}. Attempting to add to real-time monitoring.
Error resolving entity or adding channel ticvaethiopia to monitor: No user has "ticvaethiopia" as username
Please ensure 'ticvaethiopia' is a public channel username (without '@') or a valid channel ID, and the Telegram client has access to it.
Saved message 32116 (media: True) for channel Dagmawi_Babi
Saved message 32115 (media: False) for channel Dagmawi_Babi
Saved message 32114 (media: True) for channel Dagmawi_Babi
Saved message 32113 (media: True) for channel Dagmawi_Babi
Saved message 32112 (media: False) for channel Dagmawi_Babi
Saved message 32111 (media: False) for channel Dagmawi_Babi
Saved message 32110 (media: False) for channel Dagmawi_Babi
Saved message 32109 (media: True) for channel Dagmawi_Babi
Saved message 32108 (media: False) for channel Dagmawi_Babi
Saved message 32107 (media: False) for channel Dagmawi_Babi
Saved message 32106 (media: True) for channel Dagmawi_Babi
Saved message 32105 (media: True) for channel Dagmawi_Babi
Saved message 32104 (media: True) for channel Dagmawi_Babi
Saved message 32103 (media: True) for channel Dagmawi_Babi
Saved message 32102 (media: True) for channel Dagmawi_Babi
Saved message 32101 (media: True) for channel Dagmawi_Babi
Saved message 32100 (media: True) for channel Dagmawi_Babi
Saved message 32099 (media: True) for channel Dagmawi_Babi
Saved message 32098 (media: True) for channel Dagmawi_Babi
Saved message 32097 (media: True) for channel Dagmawi_Babi
Saved message 32096 (media: False) for channel Dagmawi_Babi
Saved message 32085 (media: False) for channel Dagmawi_Babi
Saved message 32084 (media: False) for channel Dagmawi_Babi
New channels detected: {'ticvaethiopia'}. Attempting to add to real-time monitoring.
Error resolving entity or adding channel ticvaethiopia to monitor: No user has "ticvaethiopia" as username
Please ensure 'ticvaethiopia' is a public channel username (without '@') or a valid channel ID, and the Telegram client has access to it.
Saved message 32083 (media: True) for channel Dagmawi_Babi
New channels detected: {'ticvaethiopia'}. Attempting to add to real-time monitoring.
Error resolving entity or adding channel ticvaethiopia to monitor: No user has "ticvaethiopia" as username
Please ensure 'ticvaethiopia' is a public channel username (without '@') or a valid channel ID, and the Telegram client has access to it.
Saved message 32082 (media: True) for channel Dagmawi_Babi
Saved message 32081 (media: False) for channel Dagmawi_Babi
Saved message 32080 (media: True) for channel Dagmawi_Babi
Saved message 32079 (media: True) for channel Dagmawi_Babi
Saved message 32078 (media: True) for channel Dagmawi_Babi
Saved message 32077 (media: True) for channel Dagmawi_Babi
Saved message 32076 (media: True) for channel Dagmawi_Babi
Saved message 32074 (media: True) for channel Dagmawi_Babi
Saved message 32073 (media: True) for channel Dagmawi_Babi
Saved message 32072 (media: True) for channel Dagmawi_Babi
Saved message 32071 (media: True) for channel Dagmawi_Babi
Saved message 32070 (media: True) for channel Dagmawi_Babi
Saved message 32069 (media: True) for channel Dagmawi_Babi
Saved message 32068 (media: True) for channel Dagmawi_Babi
Saved message 32067 (media: True) for channel Dagmawi_Babi
Saved message 32066 (media: True) for channel Dagmawi_Babi
Saved message 32065 (media: True) for channel Dagmawi_Babi
Saved message 32064 (media: True) for channel Dagmawi_Babi
Saved message 32063 (media: True) for channel Dagmawi_Babi
Saved message 32062 (media: True) for channel Dagmawi_Babi
New channels detected: {'ticvaethiopia'}. Attempting to add to real-time monitoring.
Error resolving entity or adding channel ticvaethiopia to monitor: No user has "ticvaethiopia" as username
Please ensure 'ticvaethiopia' is a public channel username (without '@') or a valid channel ID, and the Telegram client has access to it.
Saved message 32061 (media: True) for channel Dagmawi_Babi
New channels detected: {'ticvaethiopia'}. Attempting to add to real-time monitoring.
Error resolving entity or adding channel ticvaethiopia to monitor: No user has "ticvaethiopia" as username
Please ensure 'ticvaethiopia' is a public channel username (without '@') or a valid channel ID, and the Telegram client has access to it.
New channels detected: {'ticvaethiopia'}. Attempting to add to real-time monitoring.
Error resolving entity or adding channel ticvaethiopia to monitor: No user has "ticvaethiopia" as username
Please ensure 'ticvaethiopia' is a public channel username (without '@') or a valid channel ID, and the Telegram client has access to it.
New channels detected: {'ticvaethiopia'}. Attempting to add to real-time monitoring.
Error resolving entity or adding channel ticvaethiopia to monitor: No user has "ticvaethiopia" as username
Please ensure 'ticvaethiopia' is a public channel username (without '@') or a valid channel ID, and the Telegram client has access to it.
New channels detected: {'ticvaethiopia'}. Attempting to add to real-time monitoring.
Error resolving entity or adding channel ticvaethiopia to monitor: No user has "ticvaethiopia" as username
Please ensure 'ticvaethiopia' is a public channel username (without '@') or a valid channel ID, and the Telegram client has access to it.
New channels detected: {'ticvaethiopia'}. Attempting to add to real-time monitoring.
Error resolving entity or adding channel ticvaethiopia to monitor: No user has "ticvaethiopia" as username
Please ensure 'ticvaethiopia' is a public channel username (without '@') or a valid channel ID, and the Telegram client has access to it.
New channels detected: {'ticvaethiopia'}. Attempting to add to real-time monitoring.
Error resolving entity or adding channel ticvaethiopia to monitor: No user has "ticvaethiopia" as username
Please ensure 'ticvaethiopia' is a public channel username (without '@') or a valid channel ID, and the Telegram client has access to it.
New channels detected: {'ticvaethiopia'}. Attempting to add to real-time monitoring.
Error resolving entity or adding channel ticvaethiopia to monitor: No user has "ticvaethiopia" as username
Please ensure 'ticvaethiopia' is a public channel username (without '@') or a valid channel ID, and the Telegram client has access to it.
Saved message 32060 (media: True) for channel Dagmawi_Babi
New channels detected: {'ticvaethiopia'}. Attempting to add to real-time monitoring.
Error resolving entity or adding channel ticvaethiopia to monitor: No user has "ticvaethiopia" as username
Please ensure 'ticvaethiopia' is a public channel username (without '@') or a valid channel ID, and the Telegram client has access to it.
New channels detected: {'ticvaethiopia'}. Attempting to add to real-time monitoring.
Error resolving entity or adding channel ticvaethiopia to monitor: No user has "ticvaethiopia" as username
Please ensure 'ticvaethiopia' is a public channel username (without '@') or a valid channel ID, and the Telegram client has access to it.
New channels detected: {'ticvaethiopia'}. Attempting to add to real-time monitoring.
Error resolving entity or adding channel ticvaethiopia to monitor: No user has "ticvaethiopia" as username
Please ensure 'ticvaethiopia' is a public channel username (without '@') or a valid channel ID, and the Telegram client has access to it.
New channels detected: {'ticvaethiopia'}. Attempting to add to real-time monitoring.
Error resolving entity or adding channel ticvaethiopia to monitor: No user has "ticvaethiopia" as username
Please ensure 'ticvaethiopia' is a public channel username (without '@') or a valid channel ID, and the Telegram client has access to it.
Saved message 32059 (media: True) for channel Dagmawi_Babi
Saved message 32058 (media: True) for channel Dagmawi_Babi
Saved message 32057 (media: True) for channel Dagmawi_Babi
New channels detected: {'ticvaethiopia'}. Attempting to add to real-time monitoring.
Error resolving entity or adding channel ticvaethiopia to monitor: No user has "ticvaethiopia" as username
Please ensure 'ticvaethiopia' is a public channel username (without '@') or a valid channel ID, and the Telegram client has access to it.
Saved message 32056 (media: True) for channel Dagmawi_Babi
Saved message 32055 (media: True) for channel Dagmawi_Babi
Saved message 32054 (media: True) for channel Dagmawi_Babi
Saved message 32053 (media: False) for channel Dagmawi_Babi
Saved message 32052 (media: True) for channel Dagmawi_Babi
Saved message 32051 (media: False) for channel Dagmawi_Babi
Saved message 32050 (media: False) for channel Dagmawi_Babi
Saved message 32049 (media: False) for channel Dagmawi_Babi
Saved message 32048 (media: False) for channel Dagmawi_Babi
Saved message 32047 (media: False) for channel Dagmawi_Babi
Saved message 32046 (media: False) for channel Dagmawi_Babi
Saved message 32045 (media: False) for channel Dagmawi_Babi
Saved message 32044 (media: True) for channel Dagmawi_Babi
Saved message 32043 (media: False) for channel Dagmawi_Babi
Saved message 32042 (media: True) for channel Dagmawi_Babi
Saved message 32041 (media: True) for channel Dagmawi_Babi
New channels detected: {'ticvaethiopia'}. Attempting to add to real-time monitoring.
Error resolving entity or adding channel ticvaethiopia to monitor: No user has "ticvaethiopia" as username
Please ensure 'ticvaethiopia' is a public channel username (without '@') or a valid channel ID, and the Telegram client has access to it.
Saved message 32040 (media: True) for channel Dagmawi_Babi
Saved message 32039 (media: True) for channel Dagmawi_Babi
Saved message 32038 (media: False) for channel Dagmawi_Babi
Saved message 32037 (media: False) for channel Dagmawi_Babi
Saved message 32036 (media: False) for channel Dagmawi_Babi
Saved message 32035 (media: False) for channel Dagmawi_Babi
Saved message 32034 (media: True) for channel Dagmawi_Babi
Saved message 32033 (media: True) for channel Dagmawi_Babi
Saved message 32032 (media: True) for channel Dagmawi_Babi
Saved message 32031 (media: True) for channel Dagmawi_Babi
Saved message 32030 (media: False) for channel Dagmawi_Babi
Saved message 32029 (media: True) for channel Dagmawi_Babi
Saved message 32028 (media: False) for channel Dagmawi_Babi
Saved message 32027 (media: False) for channel Dagmawi_Babi
Saved message 32026 (media: False) for channel Dagmawi_Babi
Saved message 32025 (media: False) for channel Dagmawi_Babi
Saved message 32024 (media: False) for channel Dagmawi_Babi
Saved message 32023 (media: False) for channel Dagmawi_Babi
Saved message 32022 (media: False) for channel Dagmawi_Babi
Saved message 32021 (media: False) for channel Dagmawi_Babi
Saved message 32020 (media: True) for channel Dagmawi_Babi
Saved message 32019 (media: False) for channel Dagmawi_Babi
Saved message 32018 (media: False) for channel Dagmawi_Babi
Saved message 32017 (media: False) for channel Dagmawi_Babi
Saved message 32016 (media: True) for channel Dagmawi_Babi
Saved message 32015 (media: True) for channel Dagmawi_Babi
Saved message 32014 (media: True) for channel Dagmawi_Babi
Saved message 32013 (media: True) for channel Dagmawi_Babi
Saved message 32012 (media: True) for channel Dagmawi_Babi
Saved message 32011 (media: True) for channel Dagmawi_Babi
Saved message 32010 (media: False) for channel Dagmawi_Babi
Saved message 32008 (media: True) for channel Dagmawi_Babi
Saved message 32007 (media: True) for channel Dagmawi_Babi
Saved message 32006 (media: True) for channel Dagmawi_Babi
Saved message 32005 (media: True) for channel Dagmawi_Babi
Saved message 32004 (media: False) for channel Dagmawi_Babi
Saved message 32003 (media: False) for channel Dagmawi_Babi
Saved message 32002 (media: True) for channel Dagmawi_Babi
Saved message 32001 (media: True) for channel Dagmawi_Babi
Saved message 32000 (media: True) for channel Dagmawi_Babi
Saved message 31999 (media: True) for channel Dagmawi_Babi
Saved message 31998 (media: False) for channel Dagmawi_Babi
Saved message 31997 (media: True) for channel Dagmawi_Babi
Saved message 31996 (media: True) for channel Dagmawi_Babi
Saved message 31995 (media: True) for channel Dagmawi_Babi
Saved message 31994 (media: True) for channel Dagmawi_Babi
Saved message 31993 (media: True) for channel Dagmawi_Babi
Saved message 31992 (media: True) for channel Dagmawi_Babi
New channels detected: {'ticvaethiopia'}. Attempting to add to real-time monitoring.
Saved message 31991 (media: True) for channel Dagmawi_Babi
Error resolving entity or adding channel ticvaethiopia to monitor: No user has "ticvaethiopia" as username
Please ensure 'ticvaethiopia' is a public channel username (without '@') or a valid channel ID, and the Telegram client has access to it.
Saved message 31990 (media: True) for channel Dagmawi_Babi
Saved message 31989 (media: False) for channel Dagmawi_Babi
Saved message 31988 (media: True) for channel Dagmawi_Babi
Saved message 31987 (media: True) for channel Dagmawi_Babi
Saved message 31986 (media: True) for channel Dagmawi_Babi
Saved message 31985 (media: True) for channel Dagmawi_Babi
Saved message 31984 (media: True) for channel Dagmawi_Babi
Saved message 31983 (media: True) for channel Dagmawi_Babi
Saved message 31982 (media: True) for channel Dagmawi_Babi
Saved message 31981 (media: True) for channel Dagmawi_Babi
Saved message 31980 (media: True) for channel Dagmawi_Babi
Saved message 31979 (media: True) for channel Dagmawi_Babi
Saved message 31978 (media: True) for channel Dagmawi_Babi
Saved message 31977 (media: True) for channel Dagmawi_Babi
Saved message 31976 (media: True) for channel Dagmawi_Babi
Saved message 31975 (media: True) for channel Dagmawi_Babi
Saved message 31974 (media: True) for channel Dagmawi_Babi
Saved message 31973 (media: True) for channel Dagmawi_Babi
Saved message 31972 (media: True) for channel Dagmawi_Babi
Saved message 31971 (media: True) for channel Dagmawi_Babi
Saved message 31970 (media: True) for channel Dagmawi_Babi
Saved message 31969 (media: True) for channel Dagmawi_Babi
Saved message 31968 (media: True) for channel Dagmawi_Babi
Saved message 31967 (media: True) for channel Dagmawi_Babi
Saved message 31966 (media: True) for channel Dagmawi_Babi
Saved message 31965 (media: True) for channel Dagmawi_Babi
Saved message 31964 (media: True) for channel Dagmawi_Babi
Saved message 31963 (media: True) for channel Dagmawi_Babi
Saved message 31962 (media: True) for channel Dagmawi_Babi
Saved message 31961 (media: True) for channel Dagmawi_Babi
Saved message 31960 (media: True) for channel Dagmawi_Babi
Saved message 31959 (media: True) for channel Dagmawi_Babi
Saved message 31958 (media: True) for channel Dagmawi_Babi
Saved message 31957 (media: True) for channel Dagmawi_Babi
Saved message 31956 (media: True) for channel Dagmawi_Babi
Saved message 31955 (media: True) for channel Dagmawi_Babi
Saved message 31954 (media: True) for channel Dagmawi_Babi
Saved message 31953 (media: False) for channel Dagmawi_Babi
Saved message 31952 (media: True) for channel Dagmawi_Babi
Saved message 31951 (media: True) for channel Dagmawi_Babi
Saved message 31950 (media: True) for channel Dagmawi_Babi
Saved message 31949 (media: True) for channel Dagmawi_Babi
Saved message 31948 (media: True) for channel Dagmawi_Babi
New channels detected: {'ticvaethiopia'}. Attempting to add to real-time monitoring.
Saved message 31947 (media: True) for channel Dagmawi_Babi
Error resolving entity or adding channel ticvaethiopia to monitor: No user has "ticvaethiopia" as username
Please ensure 'ticvaethiopia' is a public channel username (without '@') or a valid channel ID, and the Telegram client has access to it.
Saved message 31946 (media: True) for channel Dagmawi_Babi
Saved message 31945 (media: False) for channel Dagmawi_Babi
Saved message 31944 (media: False) for channel Dagmawi_Babi
Saved message 31943 (media: False) for channel Dagmawi_Babi
Saved message 31942 (media: False) for channel Dagmawi_Babi
Saved message 31941 (media: True) for channel Dagmawi_Babi
Saved message 31940 (media: False) for channel Dagmawi_Babi
Saved message 31939 (media: False) for channel Dagmawi_Babi
Saved message 31938 (media: True) for channel Dagmawi_Babi
Saved message 31937 (media: True) for channel Dagmawi_Babi
Saved message 31936 (media: True) for channel Dagmawi_Babi
Saved message 31935 (media: True) for channel Dagmawi_Babi
Saved message 31934 (media: True) for channel Dagmawi_Babi
Saved message 31933 (media: True) for channel Dagmawi_Babi
Saved message 31932 (media: True) for channel Dagmawi_Babi
Saved message 31931 (media: True) for channel Dagmawi_Babi
New channels detected: {'ticvaethiopia'}. Attempting to add to real-time monitoring.
Error resolving entity or adding channel ticvaethiopia to monitor: No user has "ticvaethiopia" as username
Please ensure 'ticvaethiopia' is a public channel username (without '@') or a valid channel ID, and the Telegram client has access to it.
Saved message 31930 (media: True) for channel Dagmawi_Babi
Saved message 31929 (media: True) for channel Dagmawi_Babi
Saved message 31928 (media: True) for channel Dagmawi_Babi
Saved message 31927 (media: False) for channel Dagmawi_Babi
Saved message 31926 (media: True) for channel Dagmawi_Babi
Saved message 31925 (media: True) for channel Dagmawi_Babi
Saved message 31924 (media: True) for channel Dagmawi_Babi
Saved message 31923 (media: True) for channel Dagmawi_Babi
Saved message 31922 (media: True) for channel Dagmawi_Babi
Saved message 31921 (media: True) for channel Dagmawi_Babi
Saved message 31920 (media: True) for channel Dagmawi_Babi
Saved message 31919 (media: False) for channel Dagmawi_Babi
Saved message 31918 (media: True) for channel Dagmawi_Babi
Saved message 31917 (media: False) for channel Dagmawi_Babi
Saved message 31916 (media: True) for channel Dagmawi_Babi
Saved message 31915 (media: True) for channel Dagmawi_Babi
Saved message 31914 (media: False) for channel Dagmawi_Babi
Saved message 31913 (media: True) for channel Dagmawi_Babi
Saved message 31912 (media: True) for channel Dagmawi_Babi
Saved message 31911 (media: True) for channel Dagmawi_Babi
Saved message 31910 (media: True) for channel Dagmawi_Babi
Saved message 31909 (media: False) for channel Dagmawi_Babi
Saved message 31908 (media: False) for channel Dagmawi_Babi
Saved message 31907 (media: False) for channel Dagmawi_Babi
Saved message 31906 (media: False) for channel Dagmawi_Babi
Saved message 31905 (media: False) for channel Dagmawi_Babi
Saved message 31904 (media: True) for channel Dagmawi_Babi
Saved message 31903 (media: False) for channel Dagmawi_Babi
Saved message 31902 (media: False) for channel Dagmawi_Babi
Saved message 31901 (media: True) for channel Dagmawi_Babi
Saved message 31900 (media: True) for channel Dagmawi_Babi
Saved message 31898 (media: False) for channel Dagmawi_Babi
Saved message 31897 (media: True) for channel Dagmawi_Babi
Saved message 31896 (media: False) for channel Dagmawi_Babi
New channels detected: {'ticvaethiopia'}. Attempting to add to real-time monitoring.
Saved message 31895 (media: False) for channel Dagmawi_Babi
Error resolving entity or adding channel ticvaethiopia to monitor: No user has "ticvaethiopia" as username
Please ensure 'ticvaethiopia' is a public channel username (without '@') or a valid channel ID, and the Telegram client has access to it.
Saved message 31894 (media: True) for channel Dagmawi_Babi
Saved message 31893 (media: True) for channel Dagmawi_Babi
Saved message 31892 (media: False) for channel Dagmawi_Babi
Saved message 31890 (media: False) for channel Dagmawi_Babi
Saved message 31889 (media: False) for channel Dagmawi_Babi
Saved message 31888 (media: True) for channel Dagmawi_Babi
Saved message 31887 (media: True) for channel Dagmawi_Babi
Saved message 31885 (media: True) for channel Dagmawi_Babi
Saved message 31884 (media: True) for channel Dagmawi_Babi
Saved message 31883 (media: True) for channel Dagmawi_Babi
Saved message 31882 (media: True) for channel Dagmawi_Babi
Saved message 31881 (media: False) for channel Dagmawi_Babi
Saved message 31880 (media: False) for channel Dagmawi_Babi
Saved message 31879 (media: False) for channel Dagmawi_Babi
Saved message 31878 (media: False) for channel Dagmawi_Babi
Saved message 31877 (media: False) for channel Dagmawi_Babi
Saved message 31876 (media: False) for channel Dagmawi_Babi
Saved message 31875 (media: True) for channel Dagmawi_Babi
Saved message 31874 (media: True) for channel Dagmawi_Babi
Saved message 31873 (media: True) for channel Dagmawi_Babi
Saved message 31872 (media: True) for channel Dagmawi_Babi
Saved message 31871 (media: True) for channel Dagmawi_Babi
Saved message 31870 (media: True) for channel Dagmawi_Babi
Saved message 31869 (media: True) for channel Dagmawi_Babi
Saved message 31868 (media: True) for channel Dagmawi_Babi
Saved message 31867 (media: True) for channel Dagmawi_Babi
Saved message 31866 (media: True) for channel Dagmawi_Babi
Saved message 31865 (media: True) for channel Dagmawi_Babi
Saved message 31864 (media: True) for channel Dagmawi_Babi
Saved message 31863 (media: True) for channel Dagmawi_Babi
Saved message 31862 (media: True) for channel Dagmawi_Babi
Saved message 31861 (media: True) for channel Dagmawi_Babi
Saved message 31860 (media: False) for channel Dagmawi_Babi
Saved message 31859 (media: True) for channel Dagmawi_Babi
Saved message 31858 (media: True) for channel Dagmawi_Babi
Saved message 31857 (media: True) for channel Dagmawi_Babi
Saved message 31856 (media: True) for channel Dagmawi_Babi
Saved message 31855 (media: True) for channel Dagmawi_Babi
Saved message 31854 (media: True) for channel Dagmawi_Babi
Saved message 31853 (media: True) for channel Dagmawi_Babi
Saved message 31852 (media: True) for channel Dagmawi_Babi
Saved message 31851 (media: True) for channel Dagmawi_Babi
Saved message 31850 (media: True) for channel Dagmawi_Babi
Saved message 31849 (media: True) for channel Dagmawi_Babi
Saved message 31848 (media: True) for channel Dagmawi_Babi
Saved message 31847 (media: True) for channel Dagmawi_Babi
Saved message 31846 (media: True) for channel Dagmawi_Babi
Saved message 31845 (media: True) for channel Dagmawi_Babi
Saved message 31844 (media: True) for channel Dagmawi_Babi
Saved message 31843 (media: True) for channel Dagmawi_Babi
Saved message 31842 (media: True) for channel Dagmawi_Babi
Saved message 31841 (media: True) for channel Dagmawi_Babi
Saved message 31840 (media: True) for channel Dagmawi_Babi
New channels detected: {'ticvaethiopia'}. Attempting to add to real-time monitoring.
Error resolving entity or adding channel ticvaethiopia to monitor: No user has "ticvaethiopia" as username
Please ensure 'ticvaethiopia' is a public channel username (without '@') or a valid channel ID, and the Telegram client has access to it.
Saved message 31839 (media: True) for channel Dagmawi_Babi
Saved message 31838 (media: True) for channel Dagmawi_Babi
Saved message 31837 (media: False) for channel Dagmawi_Babi
Saved message 31836 (media: True) for channel Dagmawi_Babi
Saved message 31835 (media: True) for channel Dagmawi_Babi
Saved message 31834 (media: False) for channel Dagmawi_Babi
New channels detected: {'ticvaethiopia'}. Attempting to add to real-time monitoring.
Error resolving entity or adding channel ticvaethiopia to monitor: No user has "ticvaethiopia" as username
Please ensure 'ticvaethiopia' is a public channel username (without '@') or a valid channel ID, and the Telegram client has access to it.
Saved message 31832 (media: True) for channel Dagmawi_Babi
Saved message 31831 (media: True) for channel Dagmawi_Babi
Saved message 31830 (media: True) for channel Dagmawi_Babi
Saved message 31829 (media: True) for channel Dagmawi_Babi
Saved message 31828 (media: True) for channel Dagmawi_Babi
Saved message 31827 (media: True) for channel Dagmawi_Babi
Saved message 31826 (media: False) for channel Dagmawi_Babi
Saved message 31825 (media: False) for channel Dagmawi_Babi
Saved message 31823 (media: True) for channel Dagmawi_Babi
Saved message 31822 (media: True) for channel Dagmawi_Babi
Saved message 31821 (media: True) for channel Dagmawi_Babi
Saved message 31820 (media: True) for channel Dagmawi_Babi
Saved message 31819 (media: True) for channel Dagmawi_Babi
Saved message 31818 (media: True) for channel Dagmawi_Babi
Saved message 31817 (media: True) for channel Dagmawi_Babi
Saved message 31816 (media: True) for channel Dagmawi_Babi
Saved message 31815 (media: True) for channel Dagmawi_Babi
Saved message 31814 (media: True) for channel Dagmawi_Babi
Saved message 31813 (media: True) for channel Dagmawi_Babi
Saved message 31812 (media: True) for channel Dagmawi_Babi
Saved message 31811 (media: True) for channel Dagmawi_Babi
Saved message 31810 (media: True) for channel Dagmawi_Babi
Saved message 31809 (media: True) for channel Dagmawi_Babi
Saved message 31808 (media: True) for channel Dagmawi_Babi
Saved message 31807 (media: True) for channel Dagmawi_Babi
Saved message 31805 (media: True) for channel Dagmawi_Babi
Saved message 31804 (media: True) for channel Dagmawi_Babi
Saved message 31803 (media: True) for channel Dagmawi_Babi
Saved message 31802 (media: True) for channel Dagmawi_Babi
Saved message 31801 (media: True) for channel Dagmawi_Babi
Saved message 31800 (media: True) for channel Dagmawi_Babi
Saved message 31799 (media: True) for channel Dagmawi_Babi
Saved message 31798 (media: True) for channel Dagmawi_Babi
Saved message 31797 (media: True) for channel Dagmawi_Babi
Saved message 31796 (media: True) for channel Dagmawi_Babi
Saved message 31795 (media: True) for channel Dagmawi_Babi
Saved message 31794 (media: True) for channel Dagmawi_Babi
Saved message 31793 (media: True) for channel Dagmawi_Babi
Saved message 31792 (media: True) for channel Dagmawi_Babi
Saved message 31791 (media: True) for channel Dagmawi_Babi
Saved message 31790 (media: True) for channel Dagmawi_Babi
Saved message 31789 (media: True) for channel Dagmawi_Babi
Saved message 31788 (media: True) for channel Dagmawi_Babi
Saved message 31787 (media: True) for channel Dagmawi_Babi
Saved message 31786 (media: True) for channel Dagmawi_Babi
Saved message 31785 (media: True) for channel Dagmawi_Babi
Saved message 31784 (media: True) for channel Dagmawi_Babi
Saved message 31783 (media: True) for channel Dagmawi_Babi
Saved message 31782 (media: True) for channel Dagmawi_Babi
Saved message 31781 (media: True) for channel Dagmawi_Babi
Saved message 31780 (media: True) for channel Dagmawi_Babi
Saved message 31779 (media: True) for channel Dagmawi_Babi
Saved message 31778 (media: True) for channel Dagmawi_Babi
Saved message 31777 (media: True) for channel Dagmawi_Babi
Saved message 31776 (media: True) for channel Dagmawi_Babi
Saved message 31775 (media: True) for channel Dagmawi_Babi
Saved message 31774 (media: True) for channel Dagmawi_Babi
Saved message 31773 (media: True) for channel Dagmawi_Babi
Saved message 31772 (media: True) for channel Dagmawi_Babi
Saved message 31771 (media: True) for channel Dagmawi_Babi
Saved message 31770 (media: True) for channel Dagmawi_Babi
Saved message 31769 (media: True) for channel Dagmawi_Babi
New channels detected: {'ticvaethiopia'}. Attempting to add to real-time monitoring.
Error resolving entity or adding channel ticvaethiopia to monitor: No user has "ticvaethiopia" as username
Please ensure 'ticvaethiopia' is a public channel username (without '@') or a valid channel ID, and the Telegram client has access to it.
Saved message 31768 (media: True) for channel Dagmawi_Babi
Saved message 31767 (media: False) for channel Dagmawi_Babi
Saved message 31766 (media: False) for channel Dagmawi_Babi
Saved message 31765 (media: False) for channel Dagmawi_Babi
Saved message 31764 (media: True) for channel Dagmawi_Babi
Saved message 31763 (media: True) for channel Dagmawi_Babi
Saved message 31762 (media: True) for channel Dagmawi_Babi
Saved message 31761 (media: True) for channel Dagmawi_Babi
Saved message 31760 (media: True) for channel Dagmawi_Babi
Saved message 31759 (media: True) for channel Dagmawi_Babi
Saved message 31758 (media: True) for channel Dagmawi_Babi
New channels detected: {'ticvaethiopia'}. Attempting to add to real-time monitoring.
Error resolving entity or adding channel ticvaethiopia to monitor: No user has "ticvaethiopia" as username
Please ensure 'ticvaethiopia' is a public channel username (without '@') or a valid channel ID, and the Telegram client has access to it.
Saved message 31757 (media: True) for channel Dagmawi_Babi
Saved message 31756 (media: True) for channel Dagmawi_Babi
Saved message 31755 (media: True) for channel Dagmawi_Babi
Saved message 31754 (media: True) for channel Dagmawi_Babi
Saved message 31753 (media: True) for channel Dagmawi_Babi
Saved message 31752 (media: True) for channel Dagmawi_Babi
Saved message 31751 (media: True) for channel Dagmawi_Babi
Saved message 31750 (media: False) for channel Dagmawi_Babi
Saved message 31749 (media: True) for channel Dagmawi_Babi
Saved message 31748 (media: True) for channel Dagmawi_Babi
New channels detected: {'ticvaethiopia'}. Attempting to add to real-time monitoring.
Error resolving entity or adding channel ticvaethiopia to monitor: No user has "ticvaethiopia" as username
Please ensure 'ticvaethiopia' is a public channel username (without '@') or a valid channel ID, and the Telegram client has access to it.
Saved message 31747 (media: True) for channel Dagmawi_Babi
New channels detected: {'ticvaethiopia'}. Attempting to add to real-time monitoring.
Error resolving entity or adding channel ticvaethiopia to monitor: No user has "ticvaethiopia" as username
Please ensure 'ticvaethiopia' is a public channel username (without '@') or a valid channel ID, and the Telegram client has access to it.
Saved message 31746 (media: True) for channel Dagmawi_Babi
Saved message 31745 (media: True) for channel Dagmawi_Babi
Saved message 31744 (media: True) for channel Dagmawi_Babi
Saved message 31743 (media: True) for channel Dagmawi_Babi
New channels detected: {'ticvaethiopia'}. Attempting to add to real-time monitoring.
Error resolving entity or adding channel ticvaethiopia to monitor: No user has "ticvaethiopia" as username
Please ensure 'ticvaethiopia' is a public channel username (without '@') or a valid channel ID, and the Telegram client has access to it.
Saved message 31742 (media: True) for channel Dagmawi_Babi
Saved message 31741 (media: True) for channel Dagmawi_Babi
New channels detected: {'ticvaethiopia'}. Attempting to add to real-time monitoring.
Error resolving entity or adding channel ticvaethiopia to monitor: No user has "ticvaethiopia" as username
Please ensure 'ticvaethiopia' is a public channel username (without '@') or a valid channel ID, and the Telegram client has access to it.
Saved message 31740 (media: True) for channel Dagmawi_Babi
Saved message 31739 (media: True) for channel Dagmawi_Babi
New channels detected: {'ticvaethiopia'}. Attempting to add to real-time monitoring.
Error resolving entity or adding channel ticvaethiopia to monitor: No user has "ticvaethiopia" as username
Please ensure 'ticvaethiopia' is a public channel username (without '@') or a valid channel ID, and the Telegram client has access to it.
Saved message 31728 (media: True) for channel Dagmawi_Babi
New channels detected: {'ticvaethiopia'}. Attempting to add to real-time monitoring.
Error resolving entity or adding channel ticvaethiopia to monitor: No user has "ticvaethiopia" as username
Please ensure 'ticvaethiopia' is a public channel username (without '@') or a valid channel ID, and the Telegram client has access to it.
Saved message 31727 (media: True) for channel Dagmawi_Babi
Saved message 31726 (media: True) for channel Dagmawi_Babi
Saved message 31725 (media: True) for channel Dagmawi_Babi
Saved message 31724 (media: True) for channel Dagmawi_Babi
Saved message 31723 (media: True) for channel Dagmawi_Babi
Saved message 31722 (media: True) for channel Dagmawi_Babi
New channels detected: {'ticvaethiopia'}. Attempting to add to real-time monitoring.
Error resolving entity or adding channel ticvaethiopia to monitor: No user has "ticvaethiopia" as username
Please ensure 'ticvaethiopia' is a public channel username (without '@') or a valid channel ID, and the Telegram client has access to it.
Saved message 31721 (media: True) for channel Dagmawi_Babi
New channels detected: {'ticvaethiopia'}. Attempting to add to real-time monitoring.
Error resolving entity or adding channel ticvaethiopia to monitor: No user has "ticvaethiopia" as username
Please ensure 'ticvaethiopia' is a public channel username (without '@') or a valid channel ID, and the Telegram client has access to it.
Saved message 31720 (media: True) for channel Dagmawi_Babi
Saved message 31719 (media: True) for channel Dagmawi_Babi
Saved message 31718 (media: False) for channel Dagmawi_Babi
Saved message 31717 (media: False) for channel Dagmawi_Babi
Saved message 31716 (media: True) for channel Dagmawi_Babi
Saved message 31715 (media: False) for channel Dagmawi_Babi
Saved message 31714 (media: False) for channel Dagmawi_Babi
Saved message 31713 (media: True) for channel Dagmawi_Babi
Saved message 31712 (media: True) for channel Dagmawi_Babi
Saved message 31711 (media: True) for channel Dagmawi_Babi
Saved message 31710 (media: True) for channel Dagmawi_Babi
Saved message 31709 (media: True) for channel Dagmawi_Babi
Saved message 31708 (media: True) for channel Dagmawi_Babi
Saved message 31707 (media: True) for channel Dagmawi_Babi
Saved message 31706 (media: True) for channel Dagmawi_Babi
Saved message 31705 (media: True) for channel Dagmawi_Babi
Saved message 31704 (media: False) for channel Dagmawi_Babi
Saved message 31703 (media: False) for channel Dagmawi_Babi
Saved message 31702 (media: False) for channel Dagmawi_Babi
Saved message 31701 (media: False) for channel Dagmawi_Babi
Saved message 31700 (media: False) for channel Dagmawi_Babi
Saved message 31699 (media: False) for channel Dagmawi_Babi
Saved message 31698 (media: True) for channel Dagmawi_Babi
Saved message 31697 (media: True) for channel Dagmawi_Babi
New channels detected: {'ticvaethiopia'}. Attempting to add to real-time monitoring.
Error resolving entity or adding channel ticvaethiopia to monitor: No user has "ticvaethiopia" as username
Please ensure 'ticvaethiopia' is a public channel username (without '@') or a valid channel ID, and the Telegram client has access to it.
Saved message 31696 (media: True) for channel Dagmawi_Babi
Saved message 31695 (media: True) for channel Dagmawi_Babi
Saved message 31694 (media: True) for channel Dagmawi_Babi
Saved message 31693 (media: True) for channel Dagmawi_Babi
Saved message 31692 (media: True) for channel Dagmawi_Babi
Saved message 31691 (media: True) for channel Dagmawi_Babi
Saved message 31690 (media: True) for channel Dagmawi_Babi
Saved message 31689 (media: True) for channel Dagmawi_Babi
Saved message 31688 (media: True) for channel Dagmawi_Babi
Saved message 31687 (media: True) for channel Dagmawi_Babi
Saved message 31686 (media: True) for channel Dagmawi_Babi
Saved message 31685 (media: True) for channel Dagmawi_Babi
Saved message 31684 (media: True) for channel Dagmawi_Babi
Saved message 31683 (media: True) for channel Dagmawi_Babi
Saved message 31682 (media: True) for channel Dagmawi_Babi
Saved message 31681 (media: True) for channel Dagmawi_Babi
Finished fetching historical messages for Dagmawi_Babi.
Fetching up to 1000 historical messages from ticva...
Error fetching historical messages for ticva: Nobody is using this username, or the username is unacceptable. If the latter, it must match r"[a-zA-Z][\w\d]{3,30}[a-zA-Z\d]" (caused by ResolveUsernameRequest)
Please ensure 'ticva' is a public channel username (without '@') or a valid channel ID, and the Telegram client has access to it.
Fetching up to 1000 historical messages from Global_Dreamss...
Saved message 59 (media: False) for channel Global_Dreamss
Saved message 58 (media: True) for channel Global_Dreamss
Saved message 57 (media: True) for channel Global_Dreamss
Saved message 56 (media: False) for channel Global_Dreamss
Saved message 55 (media: False) for channel Global_Dreamss
Saved message 54 (media: False) for channel Global_Dreamss
Saved message 53 (media: True) for channel Global_Dreamss
Saved message 52 (media: False) for channel Global_Dreamss
Saved message 51 (media: True) for channel Global_Dreamss
Saved message 50 (media: False) for channel Global_Dreamss
Saved message 49 (media: True) for channel Global_Dreamss
Saved message 48 (media: False) for channel Global_Dreamss
Saved message 47 (media: True) for channel Global_Dreamss
Saved message 46 (media: True) for channel Global_Dreamss
Saved message 45 (media: False) for channel Global_Dreamss
Saved message 44 (media: False) for channel Global_Dreamss
Saved message 43 (media: False) for channel Global_Dreamss
Saved message 42 (media: True) for channel Global_Dreamss
Saved message 41 (media: False) for channel Global_Dreamss
Saved message 40 (media: False) for channel Global_Dreamss
Saved message 39 (media: False) for channel Global_Dreamss
Saved message 38 (media: False) for channel Global_Dreamss
Saved message 37 (media: False) for channel Global_Dreamss
Saved message 36 (media: True) for channel Global_Dreamss
Saved message 34 (media: True) for channel Global_Dreamss
Saved message 33 (media: False) for channel Global_Dreamss
Saved message 32 (media: True) for channel Global_Dreamss
Saved message 31 (media: True) for channel Global_Dreamss
Saved message 30 (media: False) for channel Global_Dreamss
Saved message 29 (media: True) for channel Global_Dreamss
Saved message 28 (media: True) for channel Global_Dreamss
Saved message 27 (media: True) for channel Global_Dreamss
Saved message 26 (media: False) for channel Global_Dreamss
Saved message 23 (media: False) for channel Global_Dreamss
Saved message 22 (media: False) for channel Global_Dreamss
Saved message 21 (media: False) for channel Global_Dreamss
Saved message 20 (media: False) for channel Global_Dreamss
Saved message 19 (media: True) for channel Global_Dreamss
Saved message 17 (media: True) for channel Global_Dreamss
Saved message 16 (media: True) for channel Global_Dreamss
Saved message 14 (media: False) for channel Global_Dreamss
Saved message 13 (media: True) for channel Global_Dreamss
Saved message 12 (media: False) for channel Global_Dreamss
Saved message 11 (media: False) for channel Global_Dreamss
Saved message 10 (media: True) for channel Global_Dreamss
Saved message 9 (media: False) for channel Global_Dreamss
Saved message 7 (media: False) for channel Global_Dreamss
Saved message 6 (media: False) for channel Global_Dreamss
Saved message 5 (media: True) for channel Global_Dreamss
Saved message 4 (media: False) for channel Global_Dreamss
Saved message 3 (media: True) for channel Global_Dreamss
Saved message 2 (media: False) for channel Global_Dreamss
Saved message 1 (media: False) for channel Global_Dreamss
Finished fetching historical messages for Global_Dreamss.
Fetching up to 1000 historical messages from beteafework...
Saved message 6256 (media: False) for channel beteafework
Saved message 6255 (media: False) for channel beteafework
Saved message 6254 (media: False) for channel beteafework
Saved message 6253 (media: True) for channel beteafework
Saved message 6252 (media: True) for channel beteafework
Saved message 6251 (media: False) for channel beteafework
Saved message 6250 (media: True) for channel beteafework
Saved message 6249 (media: False) for channel beteafework
Saved message 6248 (media: False) for channel beteafework
Saved message 6247 (media: False) for channel beteafework
Saved message 6246 (media: False) for channel beteafework
Saved message 6245 (media: True) for channel beteafework
Saved message 6244 (media: False) for channel beteafework
Saved message 6243 (media: False) for channel beteafework
Saved message 6242 (media: False) for channel beteafework
Saved message 6241 (media: False) for channel beteafework
Saved message 6240 (media: False) for channel beteafework
Saved message 6239 (media: False) for channel beteafework
Saved message 6238 (media: True) for channel beteafework
Saved message 6237 (media: True) for channel beteafework
Saved message 6236 (media: False) for channel beteafework
Saved message 6235 (media: False) for channel beteafework
Saved message 6234 (media: False) for channel beteafework
Saved message 6233 (media: False) for channel beteafework
Saved message 6232 (media: False) for channel beteafework
Saved message 6231 (media: True) for channel beteafework
Saved message 6230 (media: True) for channel beteafework
Saved message 6229 (media: False) for channel beteafework
Saved message 6228 (media: True) for channel beteafework
Saved message 6227 (media: True) for channel beteafework
Saved message 6226 (media: False) for channel beteafework
Saved message 6225 (media: True) for channel beteafework
Saved message 6224 (media: True) for channel beteafework
Saved message 6223 (media: True) for channel beteafework
Saved message 6222 (media: False) for channel beteafework
Saved message 6221 (media: False) for channel beteafework
Saved message 6220 (media: False) for channel beteafework
Saved message 6219 (media: False) for channel beteafework
Saved message 6218 (media: True) for channel beteafework
Saved message 6217 (media: False) for channel beteafework
Saved message 6215 (media: True) for channel beteafework
Saved message 6214 (media: False) for channel beteafework
Saved message 6213 (media: False) for channel beteafework
Saved message 6212 (media: True) for channel beteafework
Saved message 6211 (media: False) for channel beteafework
Saved message 6210 (media: False) for channel beteafework
Saved message 6209 (media: False) for channel beteafework
Saved message 6208 (media: False) for channel beteafework
Saved message 6207 (media: False) for channel beteafework
Saved message 6206 (media: False) for channel beteafework
Saved message 6205 (media: False) for channel beteafework
Saved message 6204 (media: False) for channel beteafework
Saved message 6203 (media: False) for channel beteafework
Saved message 6202 (media: True) for channel beteafework
Saved message 6201 (media: False) for channel beteafework
Saved message 6200 (media: True) for channel beteafework
Saved message 6199 (media: False) for channel beteafework
Saved message 6198 (media: True) for channel beteafework
Saved message 6197 (media: False) for channel beteafework
Saved message 6196 (media: False) for channel beteafework
Saved message 6195 (media: False) for channel beteafework
Saved message 6193 (media: False) for channel beteafework
Saved message 6192 (media: False) for channel beteafework
Saved message 6191 (media: True) for channel beteafework
Saved message 6189 (media: False) for channel beteafework
Saved message 6188 (media: False) for channel beteafework
Saved message 6187 (media: False) for channel beteafework
Saved message 6186 (media: True) for channel beteafework
Saved message 6185 (media: True) for channel beteafework
New channels detected: {'ticvaethiopia'}. Attempting to add to real-time monitoring.
Saved message 6184 (media: False) for channel beteafework
Error resolving entity or adding channel ticvaethiopia to monitor: No user has "ticvaethiopia" as username
Please ensure 'ticvaethiopia' is a public channel username (without '@') or a valid channel ID, and the Telegram client has access to it.
Saved message 6183 (media: True) for channel beteafework
Saved message 6181 (media: True) for channel beteafework
Saved message 6180 (media: False) for channel beteafework
Saved message 6179 (media: True) for channel beteafework
Saved message 6178 (media: True) for channel beteafework
Saved message 6177 (media: True) for channel beteafework
Saved message 6176 (media: True) for channel beteafework
Saved message 6175 (media: True) for channel beteafework
Saved message 6174 (media: True) for channel beteafework
Saved message 6173 (media: False) for channel beteafework
Saved message 6172 (media: False) for channel beteafework
Saved message 6171 (media: False) for channel beteafework
Saved message 6170 (media: False) for channel beteafework
Saved message 6169 (media: False) for channel beteafework
Saved message 6168 (media: False) for channel beteafework
Saved message 6167 (media: False) for channel beteafework
Saved message 6166 (media: False) for channel beteafework
Saved message 6165 (media: False) for channel beteafework
Saved message 6164 (media: True) for channel beteafework
Saved message 6163 (media: True) for channel beteafework
Saved message 6162 (media: True) for channel beteafework
Saved message 6161 (media: True) for channel beteafework
Saved message 6160 (media: True) for channel beteafework
Saved message 6159 (media: False) for channel beteafework
Saved message 6158 (media: False) for channel beteafework
Saved message 6157 (media: True) for channel beteafework
Saved message 6156 (media: True) for channel beteafework
Saved message 6155 (media: True) for channel beteafework
Saved message 6154 (media: True) for channel beteafework
Saved message 6153 (media: True) for channel beteafework
Saved message 6152 (media: True) for channel beteafework
Saved message 6151 (media: True) for channel beteafework
Saved message 6150 (media: True) for channel beteafework
Saved message 6149 (media: False) for channel beteafework
Saved message 6148 (media: True) for channel beteafework
Saved message 6145 (media: False) for channel beteafework
Saved message 6144 (media: True) for channel beteafework
Saved message 6143 (media: False) for channel beteafework
Saved message 6142 (media: True) for channel beteafework
Saved message 6141 (media: True) for channel beteafework
Saved message 6140 (media: True) for channel beteafework
Saved message 6139 (media: False) for channel beteafework
Saved message 6138 (media: False) for channel beteafework
Saved message 6137 (media: True) for channel beteafework
Saved message 6136 (media: False) for channel beteafework
Saved message 6135 (media: True) for channel beteafework
Saved message 6134 (media: False) for channel beteafework
Saved message 6133 (media: False) for channel beteafework
Saved message 6132 (media: False) for channel beteafework
Saved message 6131 (media: False) for channel beteafework
Saved message 6130 (media: False) for channel beteafework
Saved message 6129 (media: False) for channel beteafework
Saved message 6128 (media: False) for channel beteafework
Saved message 6127 (media: False) for channel beteafework
Saved message 6126 (media: False) for channel beteafework
Saved message 6125 (media: False) for channel beteafework
Saved message 6124 (media: False) for channel beteafework
Saved message 6123 (media: False) for channel beteafework
Saved message 6122 (media: False) for channel beteafework
Saved message 6121 (media: False) for channel beteafework
Saved message 6120 (media: False) for channel beteafework
Saved message 6119 (media: False) for channel beteafework
Saved message 6118 (media: False) for channel beteafework
Saved message 6117 (media: False) for channel beteafework
Saved message 6116 (media: False) for channel beteafework
Saved message 6115 (media: False) for channel beteafework
Saved message 6114 (media: False) for channel beteafework
Saved message 6113 (media: False) for channel beteafework
Saved message 6112 (media: False) for channel beteafework
Saved message 6111 (media: False) for channel beteafework
Saved message 6110 (media: False) for channel beteafework
Saved message 6109 (media: False) for channel beteafework
Saved message 6108 (media: True) for channel beteafework
Saved message 6107 (media: False) for channel beteafework
Saved message 6106 (media: False) for channel beteafework
Saved message 6105 (media: True) for channel beteafework
Saved message 6104 (media: False) for channel beteafework
Saved message 6103 (media: True) for channel beteafework
Saved message 6102 (media: False) for channel beteafework
Saved message 6101 (media: False) for channel beteafework
Saved message 6100 (media: False) for channel beteafework
Saved message 6099 (media: False) for channel beteafework
Saved message 6098 (media: True) for channel beteafework
Saved message 6097 (media: False) for channel beteafework
Saved message 6096 (media: True) for channel beteafework
Saved message 6095 (media: True) for channel beteafework
Saved message 6094 (media: True) for channel beteafework
Saved message 6093 (media: False) for channel beteafework
Saved message 6091 (media: False) for channel beteafework
Saved message 6090 (media: False) for channel beteafework
Saved message 6089 (media: False) for channel beteafework
Saved message 6088 (media: False) for channel beteafework
Saved message 6087 (media: False) for channel beteafework
Saved message 6086 (media: False) for channel beteafework
Saved message 6085 (media: False) for channel beteafework
Saved message 6084 (media: False) for channel beteafework
Saved message 6083 (media: False) for channel beteafework
Saved message 6082 (media: False) for channel beteafework
Saved message 6081 (media: False) for channel beteafework
Saved message 6080 (media: False) for channel beteafework
Saved message 6079 (media: False) for channel beteafework
Saved message 6078 (media: False) for channel beteafework
Saved message 6077 (media: False) for channel beteafework
Saved message 6076 (media: False) for channel beteafework
Saved message 6075 (media: False) for channel beteafework
Saved message 6074 (media: False) for channel beteafework
Saved message 6073 (media: False) for channel beteafework
Saved message 6072 (media: False) for channel beteafework
Saved message 6071 (media: False) for channel beteafework
Saved message 6070 (media: False) for channel beteafework
Saved message 6069 (media: True) for channel beteafework
New channels detected: {'ticvaethiopia'}. Attempting to add to real-time monitoring.
Error resolving entity or adding channel ticvaethiopia to monitor: No user has "ticvaethiopia" as username
Please ensure 'ticvaethiopia' is a public channel username (without '@') or a valid channel ID, and the Telegram client has access to it.
New channels detected: {'ticvaethiopia'}. Attempting to add to real-time monitoring.
Error resolving entity or adding channel ticvaethiopia to monitor: No user has "ticvaethiopia" as username
Please ensure 'ticvaethiopia' is a public channel username (without '@') or a valid channel ID, and the Telegram client has access to it.
New channels detected: {'ticvaethiopia'}. Attempting to add to real-time monitoring.
Error resolving entity or adding channel ticvaethiopia to monitor: No user has "ticvaethiopia" as username
Please ensure 'ticvaethiopia' is a public channel username (without '@') or a valid channel ID, and the Telegram client has access to it.
Received new message in freelance_ethio: 87265
Saved message 87265 (media: False) for channel freelance_ethio
New channels detected: {'ticvaethiopia'}. Attempting to add to real-time monitoring.
Error resolving entity or adding channel ticvaethiopia to monitor: No user has "ticvaethiopia" as username
Please ensure 'ticvaethiopia' is a public channel username (without '@') or a valid channel ID, and the Telegram client has access to it.
New channels detected: {'ticvaethiopia'}. Attempting to add to real-time monitoring.
Error resolving entity or adding channel ticvaethiopia to monitor: No user has "ticvaethiopia" as username
Please ensure 'ticvaethiopia' is a public channel username (without '@') or a valid channel ID, and the Telegram client has access to it.
New channels detected: {'ticvaethiopia'}. Attempting to add to real-time monitoring.
Error resolving entity or adding channel ticvaethiopia to monitor: No user has "ticvaethiopia" as username
Please ensure 'ticvaethiopia' is a public channel username (without '@') or a valid channel ID, and the Telegram client has access to it.
Saved message 6068 (media: True) for channel beteafework
Saved message 6067 (media: False) for channel beteafework
Saved message 6066 (media: False) for channel beteafework
Saved message 6065 (media: False) for channel beteafework
Saved message 6064 (media: False) for channel beteafework
Saved message 6063 (media: False) for channel beteafework
Saved message 6062 (media: False) for channel beteafework
Saved message 6061 (media: False) for channel beteafework
Saved message 6060 (media: True) for channel beteafework
Saved message 6059 (media: False) for channel beteafework
Saved message 6058 (media: True) for channel beteafework
Saved message 6057 (media: True) for channel beteafework
Saved message 6056 (media: True) for channel beteafework
Saved message 6055 (media: False) for channel beteafework
Saved message 6054 (media: False) for channel beteafework
Saved message 6053 (media: False) for channel beteafework
Saved message 6052 (media: False) for channel beteafework
Saved message 6051 (media: False) for channel beteafework
Saved message 6050 (media: True) for channel beteafework
Saved message 6049 (media: False) for channel beteafework
Saved message 6048 (media: False) for channel beteafework
Saved message 6047 (media: False) for channel beteafework
Saved message 6045 (media: False) for channel beteafework
Saved message 6044 (media: False) for channel beteafework
Saved message 6043 (media: False) for channel beteafework
Saved message 6040 (media: True) for channel beteafework
Saved message 6039 (media: True) for channel beteafework
Saved message 6037 (media: False) for channel beteafework
Saved message 6036 (media: False) for channel beteafework
Saved message 6035 (media: True) for channel beteafework
Saved message 6034 (media: False) for channel beteafework
Saved message 6033 (media: False) for channel beteafework
Saved message 6032 (media: False) for channel beteafework
Saved message 6031 (media: False) for channel beteafework
Saved message 6030 (media: True) for channel beteafework
Saved message 6029 (media: False) for channel beteafework
Saved message 6028 (media: False) for channel beteafework
Saved message 6027 (media: False) for channel beteafework
Saved message 6026 (media: False) for channel beteafework
Saved message 6025 (media: False) for channel beteafework
Saved message 6024 (media: True) for channel beteafework
Saved message 6023 (media: False) for channel beteafework
Saved message 6022 (media: False) for channel beteafework
Saved message 6021 (media: True) for channel beteafework
Saved message 6020 (media: False) for channel beteafework
Saved message 6019 (media: True) for channel beteafework
Saved message 6018 (media: False) for channel beteafework
Saved message 6017 (media: False) for channel beteafework
Saved message 6016 (media: True) for channel beteafework
Saved message 6015 (media: False) for channel beteafework
Saved message 6014 (media: True) for channel beteafework
Saved message 6013 (media: True) for channel beteafework
Saved message 6012 (media: True) for channel beteafework
Saved message 6011 (media: True) for channel beteafework
Saved message 6010 (media: True) for channel beteafework
Saved message 6009 (media: True) for channel beteafework
Saved message 6008 (media: True) for channel beteafework
Saved message 6007 (media: True) for channel beteafework
Saved message 6006 (media: True) for channel beteafework
Saved message 6005 (media: False) for channel beteafework
Saved message 6004 (media: True) for channel beteafework
Saved message 6003 (media: True) for channel beteafework
New channels detected: {'ticvaethiopia'}. Attempting to add to real-time monitoring.
Saved message 6002 (media: False) for channel beteafework
Error resolving entity or adding channel ticvaethiopia to monitor: No user has "ticvaethiopia" as username
Please ensure 'ticvaethiopia' is a public channel username (without '@') or a valid channel ID, and the Telegram client has access to it.
Saved message 6001 (media: True) for channel beteafework
Saved message 6000 (media: False) for channel beteafework
Saved message 5999 (media: True) for channel beteafework
Saved message 5998 (media: True) for channel beteafework
Saved message 5997 (media: True) for channel beteafework
Saved message 5996 (media: False) for channel beteafework
Saved message 5995 (media: False) for channel beteafework
Saved message 5994 (media: False) for channel beteafework
Saved message 5993 (media: True) for channel beteafework
Saved message 5991 (media: False) for channel beteafework
Saved message 5990 (media: True) for channel beteafework
Saved message 5989 (media: True) for channel beteafework
Saved message 5988 (media: True) for channel beteafework
Saved message 5987 (media: False) for channel beteafework
Saved message 5986 (media: True) for channel beteafework
Saved message 5985 (media: True) for channel beteafework
Saved message 5984 (media: False) for channel beteafework
New channels detected: {'ticvaethiopia'}. Attempting to add to real-time monitoring.
Error resolving entity or adding channel ticvaethiopia to monitor: No user has "ticvaethiopia" as username
Please ensure 'ticvaethiopia' is a public channel username (without '@') or a valid channel ID, and the Telegram client has access to it.
New channels detected: {'ticvaethiopia'}. Attempting to add to real-time monitoring.
Error resolving entity or adding channel ticvaethiopia to monitor: No user has "ticvaethiopia" as username
Please ensure 'ticvaethiopia' is a public channel username (without '@') or a valid channel ID, and the Telegram client has access to it.
New channels detected: {'ticvaethiopia'}. Attempting to add to real-time monitoring.
Error resolving entity or adding channel ticvaethiopia to monitor: No user has "ticvaethiopia" as username
Please ensure 'ticvaethiopia' is a public channel username (without '@') or a valid channel ID, and the Telegram client has access to it.
New channels detected: {'ticvaethiopia'}. Attempting to add to real-time monitoring.
Error resolving entity or adding channel ticvaethiopia to monitor: No user has "ticvaethiopia" as username
Please ensure 'ticvaethiopia' is a public channel username (without '@') or a valid channel ID, and the Telegram client has access to it.
New channels detected: {'ticvaethiopia'}. Attempting to add to real-time monitoring.
Error resolving entity or adding channel ticvaethiopia to monitor: No user has "ticvaethiopia" as username
Please ensure 'ticvaethiopia' is a public channel username (without '@') or a valid channel ID, and the Telegram client has access to it.
Saved message 5983 (media: True) for channel beteafework
Saved message 5982 (media: False) for channel beteafework
Saved message 5981 (media: False) for channel beteafework
Saved message 5980 (media: False) for channel beteafework
Saved message 5979 (media: False) for channel beteafework
Saved message 5978 (media: True) for channel beteafework
Saved message 5977 (media: False) for channel beteafework
Saved message 5976 (media: True) for channel beteafework
Saved message 5975 (media: True) for channel beteafework
Saved message 5974 (media: True) for channel beteafework
Saved message 5973 (media: True) for channel beteafework
Saved message 5972 (media: False) for channel beteafework
Saved message 5971 (media: False) for channel beteafework
Saved message 5970 (media: True) for channel beteafework
Saved message 5969 (media: True) for channel beteafework
Saved message 5968 (media: True) for channel beteafework
Saved message 5967 (media: True) for channel beteafework
Saved message 5966 (media: True) for channel beteafework
Saved message 5965 (media: True) for channel beteafework
Saved message 5964 (media: True) for channel beteafework
Saved message 5963 (media: True) for channel beteafework
Saved message 5962 (media: True) for channel beteafework
Saved message 5961 (media: True) for channel beteafework
Saved message 5960 (media: True) for channel beteafework
Saved message 5959 (media: True) for channel beteafework
Saved message 5958 (media: False) for channel beteafework
Saved message 5957 (media: False) for channel beteafework
Saved message 5956 (media: True) for channel beteafework
Saved message 5955 (media: True) for channel beteafework
Saved message 5954 (media: False) for channel beteafework
Saved message 5953 (media: False) for channel beteafework
Saved message 5952 (media: True) for channel beteafework
Saved message 5951 (media: True) for channel beteafework
Saved message 5950 (media: True) for channel beteafework
Saved message 5949 (media: False) for channel beteafework
Saved message 5947 (media: False) for channel beteafework
Saved message 5946 (media: False) for channel beteafework
Saved message 5945 (media: False) for channel beteafework
Saved message 5944 (media: True) for channel beteafework
Saved message 5943 (media: True) for channel beteafework
Saved message 5942 (media: False) for channel beteafework
Saved message 5941 (media: False) for channel beteafework
Saved message 5940 (media: False) for channel beteafework
Saved message 5939 (media: False) for channel beteafework
Saved message 5938 (media: False) for channel beteafework
Saved message 5937 (media: False) for channel beteafework
Saved message 5936 (media: True) for channel beteafework
Saved message 5935 (media: False) for channel beteafework
Saved message 5934 (media: False) for channel beteafework
Saved message 5933 (media: False) for channel beteafework
Saved message 5932 (media: True) for channel beteafework
Saved message 5931 (media: False) for channel beteafework
Saved message 5930 (media: True) for channel beteafework
Saved message 5929 (media: False) for channel beteafework
Saved message 5928 (media: True) for channel beteafework
Saved message 5927 (media: False) for channel beteafework
Saved message 5926 (media: False) for channel beteafework
Saved message 5925 (media: True) for channel beteafework
Saved message 5924 (media: False) for channel beteafework
Saved message 5923 (media: False) for channel beteafework
Saved message 5922 (media: False) for channel beteafework
Saved message 5921 (media: True) for channel beteafework
Saved message 5920 (media: False) for channel beteafework
Saved message 5919 (media: True) for channel beteafework
Saved message 5918 (media: True) for channel beteafework
Saved message 5917 (media: False) for channel beteafework
Saved message 5916 (media: False) for channel beteafework
Saved message 5915 (media: True) for channel beteafework
Saved message 5914 (media: False) for channel beteafework
Saved message 5913 (media: True) for channel beteafework
Saved message 5912 (media: False) for channel beteafework
Saved message 5911 (media: False) for channel beteafework
Saved message 5910 (media: True) for channel beteafework
Saved message 5909 (media: True) for channel beteafework
Saved message 5908 (media: True) for channel beteafework
Saved message 5907 (media: False) for channel beteafework
Saved message 5906 (media: True) for channel beteafework
Saved message 5905 (media: False) for channel beteafework
Saved message 5904 (media: True) for channel beteafework
Saved message 5903 (media: True) for channel beteafework
Saved message 5902 (media: False) for channel beteafework
Saved message 5901 (media: True) for channel beteafework
Saved message 5900 (media: False) for channel beteafework
Saved message 5899 (media: False) for channel beteafework
Saved message 5898 (media: True) for channel beteafework
Saved message 5897 (media: False) for channel beteafework
Saved message 5896 (media: False) for channel beteafework
Saved message 5895 (media: True) for channel beteafework
Saved message 5894 (media: True) for channel beteafework
Saved message 5893 (media: True) for channel beteafework
Saved message 5892 (media: True) for channel beteafework
Saved message 5891 (media: False) for channel beteafework
Saved message 5890 (media: True) for channel beteafework
Saved message 5889 (media: True) for channel beteafework
Saved message 5888 (media: False) for channel beteafework
Saved message 5887 (media: False) for channel beteafework
Saved message 5886 (media: False) for channel beteafework
Saved message 5885 (media: False) for channel beteafework
Saved message 5884 (media: True) for channel beteafework
Saved message 5883 (media: False) for channel beteafework
Saved message 5882 (media: True) for channel beteafework
Saved message 5881 (media: False) for channel beteafework
Saved message 5880 (media: False) for channel beteafework
Saved message 5879 (media: False) for channel beteafework
Saved message 5878 (media: False) for channel beteafework
Saved message 5877 (media: True) for channel beteafework
Saved message 5876 (media: False) for channel beteafework
Saved message 5875 (media: True) for channel beteafework
Saved message 5874 (media: True) for channel beteafework
Saved message 5873 (media: False) for channel beteafework
Saved message 5872 (media: False) for channel beteafework
Saved message 5871 (media: False) for channel beteafework
Saved message 5870 (media: False) for channel beteafework
Saved message 5869 (media: True) for channel beteafework
Saved message 5867 (media: False) for channel beteafework
Saved message 5866 (media: False) for channel beteafework
Saved message 5865 (media: True) for channel beteafework
Saved message 5864 (media: False) for channel beteafework
Saved message 5863 (media: False) for channel beteafework
Saved message 5862 (media: True) for channel beteafework
Saved message 5861 (media: False) for channel beteafework
Saved message 5860 (media: False) for channel beteafework
Saved message 5859 (media: False) for channel beteafework
Saved message 5858 (media: False) for channel beteafework
Saved message 5857 (media: False) for channel beteafework
Saved message 5856 (media: False) for channel beteafework
Saved message 5855 (media: False) for channel beteafework
Saved message 5854 (media: True) for channel beteafework
Saved message 5853 (media: True) for channel beteafework
New channels detected: {'ticvaethiopia'}. Attempting to add to real-time monitoring.
Saved message 5852 (media: True) for channel beteafework
Error resolving entity or adding channel ticvaethiopia to monitor: No user has "ticvaethiopia" as username
Please ensure 'ticvaethiopia' is a public channel username (without '@') or a valid channel ID, and the Telegram client has access to it.
Saved message 5851 (media: True) for channel beteafework
Saved message 5850 (media: True) for channel beteafework
Saved message 5849 (media: False) for channel beteafework
Saved message 5847 (media: True) for channel beteafework
Saved message 5846 (media: False) for channel beteafework
Saved message 5845 (media: False) for channel beteafework
Saved message 5844 (media: False) for channel beteafework
Saved message 5843 (media: False) for channel beteafework
Saved message 5842 (media: False) for channel beteafework
Saved message 5841 (media: False) for channel beteafework
Saved message 5840 (media: True) for channel beteafework
Saved message 5839 (media: False) for channel beteafework
Saved message 5838 (media: False) for channel beteafework
Saved message 5837 (media: False) for channel beteafework
Saved message 5836 (media: False) for channel beteafework
Saved message 5835 (media: False) for channel beteafework
Saved message 5834 (media: False) for channel beteafework
Saved message 5833 (media: False) for channel beteafework
Saved message 5832 (media: False) for channel beteafework
Saved message 5831 (media: False) for channel beteafework
Saved message 5830 (media: False) for channel beteafework
Saved message 5829 (media: False) for channel beteafework
Saved message 5828 (media: False) for channel beteafework
Saved message 5827 (media: False) for channel beteafework
Saved message 5826 (media: True) for channel beteafework
Saved message 5825 (media: True) for channel beteafework
Saved message 5824 (media: True) for channel beteafework
Saved message 5823 (media: True) for channel beteafework
Saved message 5822 (media: False) for channel beteafework
Saved message 5821 (media: False) for channel beteafework
Saved message 5820 (media: False) for channel beteafework
Saved message 5819 (media: True) for channel beteafework
Saved message 5818 (media: True) for channel beteafework
Saved message 5817 (media: True) for channel beteafework
Saved message 5816 (media: True) for channel beteafework
Saved message 5815 (media: True) for channel beteafework
Saved message 5814 (media: False) for channel beteafework
Saved message 5813 (media: True) for channel beteafework
Saved message 5812 (media: True) for channel beteafework
Saved message 5811 (media: True) for channel beteafework
Saved message 5810 (media: True) for channel beteafework
Saved message 5809 (media: False) for channel beteafework
Saved message 5808 (media: True) for channel beteafework
Saved message 5807 (media: True) for channel beteafework
Saved message 5806 (media: True) for channel beteafework
Saved message 5805 (media: True) for channel beteafework
Saved message 5804 (media: False) for channel beteafework
Saved message 5803 (media: False) for channel beteafework
Saved message 5802 (media: False) for channel beteafework
Saved message 5801 (media: True) for channel beteafework
Saved message 5800 (media: True) for channel beteafework
Saved message 5799 (media: True) for channel beteafework
Saved message 5798 (media: True) for channel beteafework
Saved message 5797 (media: True) for channel beteafework
Saved message 5796 (media: True) for channel beteafework
Saved message 5795 (media: True) for channel beteafework
Saved message 5794 (media: False) for channel beteafework
Saved message 5793 (media: False) for channel beteafework
Saved message 5792 (media: False) for channel beteafework
Saved message 5791 (media: True) for channel beteafework
Saved message 5790 (media: True) for channel beteafework
Saved message 5789 (media: True) for channel beteafework
Saved message 5788 (media: False) for channel beteafework
Saved message 5787 (media: False) for channel beteafework
Saved message 5786 (media: False) for channel beteafework
Saved message 5785 (media: True) for channel beteafework
Saved message 5784 (media: False) for channel beteafework
Saved message 5783 (media: True) for channel beteafework
Saved message 5782 (media: False) for channel beteafework
Saved message 5781 (media: True) for channel beteafework
Saved message 5780 (media: False) for channel beteafework
Saved message 5779 (media: True) for channel beteafework
Saved message 5778 (media: False) for channel beteafework
Saved message 5777 (media: False) for channel beteafework
Saved message 5776 (media: False) for channel beteafework
Saved message 5775 (media: True) for channel beteafework
Saved message 5774 (media: True) for channel beteafework
Saved message 5773 (media: True) for channel beteafework
Saved message 5772 (media: True) for channel beteafework
Saved message 5771 (media: True) for channel beteafework
Saved message 5770 (media: True) for channel beteafework
Saved message 5769 (media: True) for channel beteafework
Saved message 5768 (media: True) for channel beteafework
Saved message 5767 (media: True) for channel beteafework
Saved message 5766 (media: False) for channel beteafework
Saved message 5765 (media: False) for channel beteafework
Saved message 5764 (media: True) for channel beteafework
Saved message 5763 (media: False) for channel beteafework
Saved message 5762 (media: True) for channel beteafework
Saved message 5761 (media: True) for channel beteafework
Saved message 5760 (media: True) for channel beteafework
Saved message 5759 (media: True) for channel beteafework
Saved message 5758 (media: True) for channel beteafework
Saved message 5757 (media: True) for channel beteafework
Saved message 5755 (media: False) for channel beteafework
Saved message 5754 (media: False) for channel beteafework
Saved message 5753 (media: False) for channel beteafework
Saved message 5752 (media: False) for channel beteafework
Saved message 5751 (media: True) for channel beteafework
Saved message 5750 (media: True) for channel beteafework
Saved message 5749 (media: True) for channel beteafework
Saved message 5748 (media: True) for channel beteafework
Saved message 5747 (media: True) for channel beteafework
Saved message 5746 (media: True) for channel beteafework
Saved message 5745 (media: True) for channel beteafework
Saved message 5744 (media: True) for channel beteafework
Saved message 5743 (media: False) for channel beteafework
Saved message 5742 (media: False) for channel beteafework
Saved message 5741 (media: False) for channel beteafework
Saved message 5740 (media: True) for channel beteafework
Saved message 5739 (media: False) for channel beteafework
Saved message 5738 (media: True) for channel beteafework
New channels detected: {'ticvaethiopia'}. Attempting to add to real-time monitoring.
Error resolving entity or adding channel ticvaethiopia to monitor: No user has "ticvaethiopia" as username
Please ensure 'ticvaethiopia' is a public channel username (without '@') or a valid channel ID, and the Telegram client has access to it.
Saved message 5737 (media: True) for channel beteafework
Saved message 5736 (media: False) for channel beteafework
Saved message 5735 (media: False) for channel beteafework
Saved message 5734 (media: True) for channel beteafework
Saved message 5733 (media: True) for channel beteafework
Saved message 5732 (media: False) for channel beteafework
Saved message 5731 (media: True) for channel beteafework
Saved message 5730 (media: True) for channel beteafework
Saved message 5729 (media: False) for channel beteafework
Saved message 5728 (media: False) for channel beteafework
Saved message 5727 (media: False) for channel beteafework
Saved message 5726 (media: False) for channel beteafework
Saved message 5725 (media: True) for channel beteafework
Saved message 5724 (media: False) for channel beteafework
Saved message 5723 (media: True) for channel beteafework
Saved message 5722 (media: False) for channel beteafework
Saved message 5721 (media: False) for channel beteafework
Saved message 5720 (media: True) for channel beteafework
Saved message 5719 (media: True) for channel beteafework
Saved message 5718 (media: True) for channel beteafework
Saved message 5717 (media: True) for channel beteafework
Saved message 5716 (media: False) for channel beteafework
Saved message 5715 (media: False) for channel beteafework
Saved message 5714 (media: True) for channel beteafework
Saved message 5713 (media: False) for channel beteafework
Saved message 5712 (media: True) for channel beteafework
Saved message 5710 (media: False) for channel beteafework
Saved message 5709 (media: False) for channel beteafework
Saved message 5708 (media: False) for channel beteafework
Saved message 5707 (media: False) for channel beteafework
Saved message 5706 (media: False) for channel beteafework
Saved message 5705 (media: False) for channel beteafework
Saved message 5704 (media: False) for channel beteafework
Saved message 5700 (media: False) for channel beteafework
New channels detected: {'ticvaethiopia'}. Attempting to add to real-time monitoring.
Error resolving entity or adding channel ticvaethiopia to monitor: No user has "ticvaethiopia" as username
Please ensure 'ticvaethiopia' is a public channel username (without '@') or a valid channel ID, and the Telegram client has access to it.
Received new message in freelance_ethio: 87266
Saved message 87266 (media: False) for channel freelance_ethio
Saved message 5699 (media: True) for channel beteafework
Saved message 5697 (media: False) for channel beteafework
Saved message 5695 (media: True) for channel beteafework
Saved message 5694 (media: True) for channel beteafework
Saved message 5693 (media: True) for channel beteafework
Saved message 5692 (media: True) for channel beteafework
Saved message 5691 (media: True) for channel beteafework
Saved message 5690 (media: False) for channel beteafework
Saved message 5689 (media: False) for channel beteafework
Saved message 5688 (media: True) for channel beteafework
Saved message 5687 (media: False) for channel beteafework
Saved message 5686 (media: True) for channel beteafework
Saved message 5685 (media: False) for channel beteafework
Saved message 5684 (media: False) for channel beteafework
Saved message 5683 (media: False) for channel beteafework
Saved message 5682 (media: True) for channel beteafework
Saved message 5681 (media: True) for channel beteafework
Saved message 5680 (media: True) for channel beteafework
Saved message 5679 (media: False) for channel beteafework
Saved message 5678 (media: True) for channel beteafework
Saved message 5676 (media: False) for channel beteafework
Saved message 5675 (media: False) for channel beteafework
Saved message 5674 (media: True) for channel beteafework
Saved message 5673 (media: False) for channel beteafework
Saved message 5672 (media: True) for channel beteafework
Saved message 5671 (media: False) for channel beteafework
Saved message 5670 (media: False) for channel beteafework
Saved message 5669 (media: False) for channel beteafework
Saved message 5668 (media: True) for channel beteafework
Saved message 5667 (media: True) for channel beteafework
Saved message 5666 (media: True) for channel beteafework
Saved message 5665 (media: True) for channel beteafework
Saved message 5664 (media: True) for channel beteafework
Saved message 5663 (media: False) for channel beteafework
Saved message 5662 (media: False) for channel beteafework
Saved message 5661 (media: False) for channel beteafework
Saved message 5660 (media: False) for channel beteafework
Saved message 5659 (media: False) for channel beteafework
Saved message 5658 (media: False) for channel beteafework
Saved message 5657 (media: False) for channel beteafework
Saved message 5656 (media: True) for channel beteafework
Saved message 5655 (media: True) for channel beteafework
Saved message 5654 (media: True) for channel beteafework
Saved message 5653 (media: True) for channel beteafework
Saved message 5652 (media: False) for channel beteafework
Saved message 5651 (media: False) for channel beteafework
Saved message 5650 (media: False) for channel beteafework
Saved message 5649 (media: False) for channel beteafework
Saved message 5648 (media: False) for channel beteafework
Saved message 5646 (media: False) for channel beteafework
Saved message 5645 (media: True) for channel beteafework
Saved message 5644 (media: False) for channel beteafework
Saved message 5643 (media: False) for channel beteafework
Saved message 5642 (media: False) for channel beteafework
Saved message 5641 (media: False) for channel beteafework
Saved message 5640 (media: False) for channel beteafework
Saved message 5639 (media: False) for channel beteafework
Saved message 5638 (media: False) for channel beteafework
Saved message 5637 (media: False) for channel beteafework
Saved message 5636 (media: False) for channel beteafework
Saved message 5635 (media: False) for channel beteafework
Saved message 5634 (media: True) for channel beteafework
Saved message 5633 (media: True) for channel beteafework
Saved message 5632 (media: False) for channel beteafework
Saved message 5631 (media: True) for channel beteafework
Saved message 5630 (media: False) for channel beteafework
Saved message 5629 (media: False) for channel beteafework
Saved message 5628 (media: False) for channel beteafework
Saved message 5627 (media: False) for channel beteafework
Saved message 5626 (media: False) for channel beteafework
Saved message 5625 (media: False) for channel beteafework
Saved message 5624 (media: True) for channel beteafework
Saved message 5623 (media: True) for channel beteafework
Saved message 5622 (media: False) for channel beteafework
Saved message 5621 (media: False) for channel beteafework
Saved message 5620 (media: True) for channel beteafework
Saved message 5619 (media: False) for channel beteafework
Saved message 5618 (media: False) for channel beteafework
Saved message 5617 (media: False) for channel beteafework
Saved message 5616 (media: False) for channel beteafework
Saved message 5615 (media: False) for channel beteafework
Saved message 5614 (media: False) for channel beteafework
Saved message 5613 (media: False) for channel beteafework
Saved message 5612 (media: False) for channel beteafework
Saved message 5611 (media: False) for channel beteafework
Saved message 5610 (media: False) for channel beteafework
Saved message 5609 (media: False) for channel beteafework
Saved message 5608 (media: False) for channel beteafework
Saved message 5606 (media: False) for channel beteafework
Saved message 5605 (media: False) for channel beteafework
Saved message 5604 (media: False) for channel beteafework
Saved message 5603 (media: False) for channel beteafework
Saved message 5602 (media: False) for channel beteafework
Saved message 5601 (media: False) for channel beteafework
Saved message 5600 (media: True) for channel beteafework
Saved message 5599 (media: True) for channel beteafework
Saved message 5598 (media: True) for channel beteafework
Saved message 5597 (media: True) for channel beteafework
Saved message 5596 (media: True) for channel beteafework
Saved message 5595 (media: True) for channel beteafework
Saved message 5594 (media: True) for channel beteafework
Saved message 5593 (media: True) for channel beteafework
Saved message 5592 (media: True) for channel beteafework
Saved message 5591 (media: True) for channel beteafework
Saved message 5590 (media: True) for channel beteafework
Saved message 5589 (media: True) for channel beteafework
Saved message 5588 (media: True) for channel beteafework
Saved message 5587 (media: False) for channel beteafework
Saved message 5586 (media: False) for channel beteafework
Saved message 5585 (media: True) for channel beteafework
Saved message 5584 (media: False) for channel beteafework
Saved message 5583 (media: True) for channel beteafework
New channels detected: {'ticvaethiopia'}. Attempting to add to real-time monitoring.
Saved message 5582 (media: True) for channel beteafework
Error resolving entity or adding channel ticvaethiopia to monitor: No user has "ticvaethiopia" as username
Please ensure 'ticvaethiopia' is a public channel username (without '@') or a valid channel ID, and the Telegram client has access to it.
Saved message 5581 (media: True) for channel beteafework
Saved message 5580 (media: False) for channel beteafework
Saved message 5579 (media: True) for channel beteafework
Saved message 5578 (media: False) for channel beteafework
Saved message 5577 (media: True) for channel beteafework
Saved message 5576 (media: True) for channel beteafework
Saved message 5575 (media: True) for channel beteafework
Saved message 5568 (media: False) for channel beteafework
Saved message 5567 (media: True) for channel beteafework
Saved message 5566 (media: True) for channel beteafework
Saved message 5565 (media: True) for channel beteafework
Saved message 5564 (media: False) for channel beteafework
Saved message 5563 (media: True) for channel beteafework
Saved message 5562 (media: True) for channel beteafework
Saved message 5561 (media: True) for channel beteafework
Saved message 5559 (media: True) for channel beteafework
Saved message 5558 (media: True) for channel beteafework
Saved message 5557 (media: True) for channel beteafework
Saved message 5556 (media: False) for channel beteafework
Saved message 5555 (media: False) for channel beteafework
Saved message 5554 (media: False) for channel beteafework
Saved message 5553 (media: False) for channel beteafework
Saved message 5552 (media: True) for channel beteafework
Saved message 5551 (media: False) for channel beteafework
Saved message 5550 (media: False) for channel beteafework
Saved message 5549 (media: True) for channel beteafework
Saved message 5548 (media: False) for channel beteafework
Saved message 5547 (media: False) for channel beteafework
Saved message 5546 (media: True) for channel beteafework
Saved message 5545 (media: False) for channel beteafework
Saved message 5544 (media: False) for channel beteafework
Saved message 5543 (media: False) for channel beteafework
Saved message 5542 (media: True) for channel beteafework
Saved message 5541 (media: True) for channel beteafework
Saved message 5540 (media: False) for channel beteafework
Saved message 5539 (media: True) for channel beteafework
Saved message 5538 (media: False) for channel beteafework
Saved message 5537 (media: False) for channel beteafework
Saved message 5536 (media: True) for channel beteafework
Saved message 5535 (media: False) for channel beteafework
Saved message 5534 (media: True) for channel beteafework
Saved message 5533 (media: True) for channel beteafework
New channels detected: {'ticvaethiopia'}. Attempting to add to real-time monitoring.
Error resolving entity or adding channel ticvaethiopia to monitor: No user has "ticvaethiopia" as username
Please ensure 'ticvaethiopia' is a public channel username (without '@') or a valid channel ID, and the Telegram client has access to it.
New channels detected: {'ticvaethiopia'}. Attempting to add to real-time monitoring.
Error resolving entity or adding channel ticvaethiopia to monitor: No user has "ticvaethiopia" as username
Please ensure 'ticvaethiopia' is a public channel username (without '@') or a valid channel ID, and the Telegram client has access to it.
New channels detected: {'ticvaethiopia'}. Attempting to add to real-time monitoring.
Error resolving entity or adding channel ticvaethiopia to monitor: No user has "ticvaethiopia" as username
Please ensure 'ticvaethiopia' is a public channel username (without '@') or a valid channel ID, and the Telegram client has access to it.
New channels detected: {'ticvaethiopia'}. Attempting to add to real-time monitoring.
Error resolving entity or adding channel ticvaethiopia to monitor: No user has "ticvaethiopia" as username
Please ensure 'ticvaethiopia' is a public channel username (without '@') or a valid channel ID, and the Telegram client has access to it.
Saved message 5532 (media: True) for channel beteafework
Saved message 5531 (media: True) for channel beteafework
Saved message 5530 (media: False) for channel beteafework
Saved message 5529 (media: False) for channel beteafework
Saved message 5528 (media: False) for channel beteafework
Saved message 5527 (media: False) for channel beteafework
Saved message 5526 (media: False) for channel beteafework
Saved message 5525 (media: True) for channel beteafework
Saved message 5524 (media: True) for channel beteafework
Saved message 5523 (media: False) for channel beteafework
Saved message 5522 (media: False) for channel beteafework
Saved message 5521 (media: False) for channel beteafework
Saved message 5520 (media: False) for channel beteafework
Saved message 5519 (media: False) for channel beteafework
Saved message 5518 (media: False) for channel beteafework
Saved message 5517 (media: False) for channel beteafework
Saved message 5516 (media: False) for channel beteafework
Saved message 5513 (media: False) for channel beteafework
Saved message 5512 (media: True) for channel beteafework
Saved message 5511 (media: False) for channel beteafework
Saved message 5510 (media: True) for channel beteafework
Saved message 5509 (media: True) for channel beteafework
Saved message 5508 (media: False) for channel beteafework
New channels detected: {'ticvaethiopia'}. Attempting to add to real-time monitoring.
Error resolving entity or adding channel ticvaethiopia to monitor: No user has "ticvaethiopia" as username
Please ensure 'ticvaethiopia' is a public channel username (without '@') or a valid channel ID, and the Telegram client has access to it.
New channels detected: {'ticvaethiopia'}. Attempting to add to real-time monitoring.
Error resolving entity or adding channel ticvaethiopia to monitor: No user has "ticvaethiopia" as username
Please ensure 'ticvaethiopia' is a public channel username (without '@') or a valid channel ID, and the Telegram client has access to it.
New channels detected: {'ticvaethiopia'}. Attempting to add to real-time monitoring.
Error resolving entity or adding channel ticvaethiopia to monitor: No user has "ticvaethiopia" as username
Please ensure 'ticvaethiopia' is a public channel username (without '@') or a valid channel ID, and the Telegram client has access to it.
New channels detected: {'ticvaethiopia'}. Attempting to add to real-time monitoring.
Error resolving entity or adding channel ticvaethiopia to monitor: No user has "ticvaethiopia" as username
Please ensure 'ticvaethiopia' is a public channel username (without '@') or a valid channel ID, and the Telegram client has access to it.
New channels detected: {'ticvaethiopia'}. Attempting to add to real-time monitoring.
Error resolving entity or adding channel ticvaethiopia to monitor: No user has "ticvaethiopia" as username
Please ensure 'ticvaethiopia' is a public channel username (without '@') or a valid channel ID, and the Telegram client has access to it.
New channels detected: {'ticvaethiopia'}. Attempting to add to real-time monitoring.
Error resolving entity or adding channel ticvaethiopia to monitor: No user has "ticvaethiopia" as username
Please ensure 'ticvaethiopia' is a public channel username (without '@') or a valid channel ID, and the Telegram client has access to it.
New channels detected: {'ticvaethiopia'}. Attempting to add to real-time monitoring.
Error resolving entity or adding channel ticvaethiopia to monitor: No user has "ticvaethiopia" as username
Please ensure 'ticvaethiopia' is a public channel username (without '@') or a valid channel ID, and the Telegram client has access to it.
New channels detected: {'ticvaethiopia'}. Attempting to add to real-time monitoring.
Error resolving entity or adding channel ticvaethiopia to monitor: No user has "ticvaethiopia" as username
Please ensure 'ticvaethiopia' is a public channel username (without '@') or a valid channel ID, and the Telegram client has access to it.
Saved message 5507 (media: True) for channel beteafework
Saved message 5506 (media: False) for channel beteafework
Saved message 5505 (media: False) for channel beteafework
Saved message 5504 (media: False) for channel beteafework
Saved message 5503 (media: False) for channel beteafework
Saved message 5502 (media: True) for channel beteafework
Saved message 5501 (media: False) for channel beteafework
Saved message 5500 (media: False) for channel beteafework
Saved message 5499 (media: False) for channel beteafework
Saved message 5497 (media: False) for channel beteafework
Saved message 5496 (media: False) for channel beteafework
Saved message 5495 (media: True) for channel beteafework
Saved message 5494 (media: False) for channel beteafework
Saved message 5493 (media: True) for channel beteafework
Saved message 5492 (media: True) for channel beteafework
Saved message 5491 (media: True) for channel beteafework
Saved message 5490 (media: False) for channel beteafework
Saved message 5489 (media: False) for channel beteafework
Saved message 5488 (media: True) for channel beteafework
Saved message 5487 (media: False) for channel beteafework
Saved message 5486 (media: False) for channel beteafework
Saved message 5485 (media: True) for channel beteafework
Saved message 5484 (media: False) for channel beteafework
Saved message 5483 (media: True) for channel beteafework
Saved message 5482 (media: False) for channel beteafework
Saved message 5481 (media: False) for channel beteafework
Saved message 5480 (media: False) for channel beteafework
Saved message 5479 (media: True) for channel beteafework
Saved message 5478 (media: False) for channel beteafework
Saved message 5477 (media: False) for channel beteafework
Saved message 5476 (media: True) for channel beteafework
Saved message 5475 (media: False) for channel beteafework
Saved message 5474 (media: False) for channel beteafework
Saved message 5473 (media: True) for channel beteafework
Saved message 5472 (media: False) for channel beteafework
Saved message 5471 (media: True) for channel beteafework
Saved message 5470 (media: True) for channel beteafework
Saved message 5469 (media: False) for channel beteafework
Saved message 5468 (media: True) for channel beteafework
Saved message 5467 (media: True) for channel beteafework
Saved message 5466 (media: False) for channel beteafework
Saved message 5465 (media: True) for channel beteafework
Saved message 5464 (media: False) for channel beteafework
Saved message 5463 (media: True) for channel beteafework
Saved message 5462 (media: False) for channel beteafework
Saved message 5461 (media: False) for channel beteafework
Saved message 5460 (media: True) for channel beteafework
Saved message 5459 (media: False) for channel beteafework
Saved message 5458 (media: False) for channel beteafework
Saved message 5457 (media: True) for channel beteafework
Saved message 5456 (media: False) for channel beteafework
Saved message 5455 (media: True) for channel beteafework
Saved message 5454 (media: True) for channel beteafework
Saved message 5453 (media: True) for channel beteafework
Saved message 5452 (media: True) for channel beteafework
Saved message 5451 (media: False) for channel beteafework
Saved message 5450 (media: True) for channel beteafework
Saved message 5449 (media: False) for channel beteafework
Saved message 5448 (media: False) for channel beteafework
Saved message 5447 (media: True) for channel beteafework
Saved message 5446 (media: False) for channel beteafework
Saved message 5445 (media: True) for channel beteafework
Saved message 5443 (media: False) for channel beteafework
Saved message 5442 (media: False) for channel beteafework
Saved message 5440 (media: False) for channel beteafework
Saved message 5439 (media: False) for channel beteafework
Saved message 5438 (media: False) for channel beteafework
Saved message 5437 (media: False) for channel beteafework
Saved message 5436 (media: False) for channel beteafework
Saved message 5435 (media: True) for channel beteafework
Saved message 5434 (media: False) for channel beteafework
Saved message 5433 (media: True) for channel beteafework
Saved message 5432 (media: False) for channel beteafework
Saved message 5431 (media: False) for channel beteafework
Saved message 5430 (media: True) for channel beteafework
Saved message 5429 (media: False) for channel beteafework
Saved message 5428 (media: True) for channel beteafework
Saved message 5427 (media: False) for channel beteafework
Saved message 5426 (media: False) for channel beteafework
Saved message 5425 (media: False) for channel beteafework
Saved message 5424 (media: False) for channel beteafework
Saved message 5423 (media: False) for channel beteafework
Saved message 5422 (media: False) for channel beteafework
Saved message 5421 (media: False) for channel beteafework
Saved message 5420 (media: False) for channel beteafework
Saved message 5419 (media: True) for channel beteafework
Saved message 5418 (media: False) for channel beteafework
Saved message 5417 (media: False) for channel beteafework
Saved message 5416 (media: True) for channel beteafework
Saved message 5415 (media: False) for channel beteafework
Saved message 5414 (media: False) for channel beteafework
Saved message 5413 (media: False) for channel beteafework
Saved message 5412 (media: False) for channel beteafework
Saved message 5411 (media: False) for channel beteafework
Saved message 5410 (media: False) for channel beteafework
Saved message 5409 (media: False) for channel beteafework
Saved message 5408 (media: False) for channel beteafework
Saved message 5407 (media: False) for channel beteafework
Saved message 5406 (media: False) for channel beteafework
Saved message 5405 (media: True) for channel beteafework
Saved message 5404 (media: False) for channel beteafework
Saved message 5403 (media: True) for channel beteafework
Saved message 5402 (media: True) for channel beteafework
Saved message 5401 (media: False) for channel beteafework
Saved message 5400 (media: False) for channel beteafework
Saved message 5399 (media: True) for channel beteafework
Saved message 5398 (media: True) for channel beteafework
Saved message 5397 (media: True) for channel beteafework
Saved message 5396 (media: False) for channel beteafework
New channels detected: {'ticvaethiopia'}. Attempting to add to real-time monitoring.
Saved message 5395 (media: True) for channel beteafework
Error resolving entity or adding channel ticvaethiopia to monitor: No user has "ticvaethiopia" as username
Please ensure 'ticvaethiopia' is a public channel username (without '@') or a valid channel ID, and the Telegram client has access to it.
Saved message 5394 (media: True) for channel beteafework
Saved message 5393 (media: False) for channel beteafework
Saved message 5392 (media: False) for channel beteafework
Saved message 5391 (media: False) for channel beteafework
Saved message 5390 (media: False) for channel beteafework
Saved message 5389 (media: True) for channel beteafework
Saved message 5388 (media: True) for channel beteafework
Saved message 5387 (media: True) for channel beteafework
Saved message 5386 (media: True) for channel beteafework
Saved message 5385 (media: True) for channel beteafework
Saved message 5384 (media: True) for channel beteafework
Saved message 5383 (media: True) for channel beteafework
Saved message 5382 (media: True) for channel beteafework
Saved message 5381 (media: True) for channel beteafework
Saved message 5380 (media: True) for channel beteafework
Saved message 5379 (media: False) for channel beteafework
Saved message 5378 (media: False) for channel beteafework
Saved message 5377 (media: False) for channel beteafework
Saved message 5376 (media: True) for channel beteafework
Saved message 5375 (media: True) for channel beteafework
Saved message 5374 (media: False) for channel beteafework
Saved message 5373 (media: True) for channel beteafework
Saved message 5372 (media: False) for channel beteafework
Saved message 5371 (media: True) for channel beteafework
Saved message 5370 (media: True) for channel beteafework
Saved message 5369 (media: False) for channel beteafework
Saved message 5368 (media: False) for channel beteafework
Saved message 5367 (media: True) for channel beteafework
Saved message 5366 (media: False) for channel beteafework
Saved message 5365 (media: False) for channel beteafework
Saved message 5364 (media: False) for channel beteafework
Saved message 5363 (media: True) for channel beteafework
Saved message 5362 (media: True) for channel beteafework
Saved message 5361 (media: False) for channel beteafework
Saved message 5360 (media: False) for channel beteafework
Saved message 5359 (media: True) for channel beteafework
Saved message 5358 (media: True) for channel beteafework
Saved message 5357 (media: False) for channel beteafework
Saved message 5356 (media: False) for channel beteafework
Saved message 5355 (media: False) for channel beteafework
Saved message 5354 (media: False) for channel beteafework
Saved message 5353 (media: True) for channel beteafework
Saved message 5352 (media: True) for channel beteafework
Saved message 5351 (media: False) for channel beteafework
Saved message 5350 (media: False) for channel beteafework
Saved message 5349 (media: False) for channel beteafework
Saved message 5348 (media: False) for channel beteafework
Saved message 5347 (media: False) for channel beteafework
Saved message 5346 (media: False) for channel beteafework
Saved message 5345 (media: False) for channel beteafework
Saved message 5344 (media: False) for channel beteafework
Saved message 5343 (media: True) for channel beteafework
Saved message 5342 (media: False) for channel beteafework
Saved message 5341 (media: False) for channel beteafework
Saved message 5340 (media: False) for channel beteafework
Saved message 5339 (media: False) for channel beteafework
Saved message 5338 (media: False) for channel beteafework
Saved message 5337 (media: False) for channel beteafework
Saved message 5336 (media: True) for channel beteafework
Saved message 5335 (media: False) for channel beteafework
Saved message 5334 (media: False) for channel beteafework
Saved message 5333 (media: False) for channel beteafework
Saved message 5332 (media: False) for channel beteafework
Saved message 5331 (media: True) for channel beteafework
Saved message 5330 (media: True) for channel beteafework
Saved message 5329 (media: False) for channel beteafework
Saved message 5328 (media: False) for channel beteafework
Saved message 5327 (media: False) for channel beteafework
Saved message 5326 (media: False) for channel beteafework
Saved message 5325 (media: False) for channel beteafework
Saved message 5324 (media: False) for channel beteafework
Saved message 5323 (media: False) for channel beteafework
Saved message 5322 (media: False) for channel beteafework
Saved message 5321 (media: True) for channel beteafework
Saved message 5320 (media: False) for channel beteafework
Saved message 5319 (media: False) for channel beteafework
Saved message 5318 (media: False) for channel beteafework
Saved message 5317 (media: False) for channel beteafework
Saved message 5316 (media: False) for channel beteafework
Saved message 5315 (media: False) for channel beteafework
Saved message 5314 (media: False) for channel beteafework
Saved message 5313 (media: False) for channel beteafework
Saved message 5312 (media: False) for channel beteafework
Saved message 5311 (media: False) for channel beteafework
Saved message 5310 (media: False) for channel beteafework
Saved message 5309 (media: True) for channel beteafework
Saved message 5308 (media: True) for channel beteafework
Saved message 5307 (media: False) for channel beteafework
Saved message 5306 (media: False) for channel beteafework
Saved message 5305 (media: False) for channel beteafework
Saved message 5304 (media: False) for channel beteafework
Saved message 5303 (media: True) for channel beteafework
Saved message 5302 (media: True) for channel beteafework
Saved message 5301 (media: True) for channel beteafework
Saved message 5300 (media: True) for channel beteafework
Saved message 5299 (media: False) for channel beteafework
Saved message 5298 (media: False) for channel beteafework
Saved message 5297 (media: False) for channel beteafework
Saved message 5296 (media: False) for channel beteafework
Saved message 5295 (media: False) for channel beteafework
Saved message 5294 (media: False) for channel beteafework
Saved message 5293 (media: False) for channel beteafework
Saved message 5292 (media: False) for channel beteafework
Saved message 5291 (media: False) for channel beteafework
Saved message 5288 (media: False) for channel beteafework
Saved message 5287 (media: False) for channel beteafework
Saved message 5286 (media: False) for channel beteafework
Saved message 5285 (media: False) for channel beteafework
Saved message 5284 (media: False) for channel beteafework
Saved message 5283 (media: True) for channel beteafework
Saved message 5282 (media: False) for channel beteafework
Saved message 5281 (media: False) for channel beteafework
Saved message 5279 (media: True) for channel beteafework
Saved message 5278 (media: False) for channel beteafework
Saved message 5277 (media: False) for channel beteafework
Saved message 5276 (media: False) for channel beteafework
Saved message 5275 (media: False) for channel beteafework
Saved message 5274 (media: False) for channel beteafework
Saved message 5273 (media: False) for channel beteafework
Saved message 5272 (media: False) for channel beteafework
Saved message 5271 (media: False) for channel beteafework
Saved message 5270 (media: False) for channel beteafework
Saved message 5269 (media: True) for channel beteafework
Saved message 5268 (media: True) for channel beteafework
Saved message 5267 (media: False) for channel beteafework
Saved message 5266 (media: True) for channel beteafework
Saved message 5265 (media: True) for channel beteafework
Saved message 5264 (media: False) for channel beteafework
Saved message 5263 (media: False) for channel beteafework
Saved message 5262 (media: False) for channel beteafework
Saved message 5261 (media: False) for channel beteafework
Saved message 5260 (media: False) for channel beteafework
Saved message 5258 (media: False) for channel beteafework
Saved message 5257 (media: False) for channel beteafework
Saved message 5256 (media: False) for channel beteafework
Saved message 5255 (media: True) for channel beteafework
Saved message 5254 (media: False) for channel beteafework
Saved message 5253 (media: False) for channel beteafework
Saved message 5252 (media: False) for channel beteafework
Saved message 5251 (media: False) for channel beteafework
Saved message 5250 (media: True) for channel beteafework
Saved message 5249 (media: False) for channel beteafework
Saved message 5248 (media: True) for channel beteafework
Saved message 5247 (media: False) for channel beteafework
Saved message 5246 (media: False) for channel beteafework
Saved message 5244 (media: True) for channel beteafework
Saved message 5243 (media: False) for channel beteafework
Saved message 5242 (media: True) for channel beteafework
Saved message 5241 (media: True) for channel beteafework
New channels detected: {'ticvaethiopia'}. Attempting to add to real-time monitoring.
Error resolving entity or adding channel ticvaethiopia to monitor: No user has "ticvaethiopia" as username
Please ensure 'ticvaethiopia' is a public channel username (without '@') or a valid channel ID, and the Telegram client has access to it.
Saved message 5240 (media: True) for channel beteafework
Saved message 5239 (media: False) for channel beteafework
Saved message 5238 (media: False) for channel beteafework
Saved message 5237 (media: False) for channel beteafework
Saved message 5236 (media: False) for channel beteafework
Saved message 5235 (media: True) for channel beteafework
Saved message 5234 (media: False) for channel beteafework
Saved message 5233 (media: False) for channel beteafework
Saved message 5232 (media: False) for channel beteafework
Saved message 5231 (media: True) for channel beteafework
Saved message 5230 (media: False) for channel beteafework
Saved message 5229 (media: False) for channel beteafework
Saved message 5228 (media: False) for channel beteafework
Saved message 5227 (media: True) for channel beteafework
Saved message 5226 (media: False) for channel beteafework
Saved message 5225 (media: False) for channel beteafework
Saved message 5224 (media: False) for channel beteafework
Saved message 5223 (media: False) for channel beteafework
Saved message 5217 (media: False) for channel beteafework
Saved message 5216 (media: True) for channel beteafework
Saved message 5215 (media: False) for channel beteafework
Saved message 5214 (media: False) for channel beteafework
Saved message 5213 (media: False) for channel beteafework
Saved message 5212 (media: False) for channel beteafework
Saved message 5211 (media: False) for channel beteafework
Saved message 5210 (media: False) for channel beteafework
Finished fetching historical messages for beteafework.
New channels detected: {'ticvaethiopia'}. Attempting to add to real-time monitoring.
Error resolving entity or adding channel ticvaethiopia to monitor: No user has "ticvaethiopia" as username
Please ensure 'ticvaethiopia' is a public channel username (without '@') or a valid channel ID, and the Telegram client has access to it.
New channels detected: {'ticvaethiopia'}. Attempting to add to real-time monitoring.
Error resolving entity or adding channel ticvaethiopia to monitor: No user has "ticvaethiopia" as username
Please ensure 'ticvaethiopia' is a public channel username (without '@') or a valid channel ID, and the Telegram client has access to it.
New channels detected: {'ticvaethiopia'}. Attempting to add to real-time monitoring.
Error resolving entity or adding channel ticvaethiopia to monitor: No user has "ticvaethiopia" as username
Please ensure 'ticvaethiopia' is a public channel username (without '@') or a valid channel ID, and the Telegram client has access to it.
New channels detected: {'ticvaethiopia'}. Attempting to add to real-time monitoring.
Error resolving entity or adding channel ticvaethiopia to monitor: No user has "ticvaethiopia" as username
Please ensure 'ticvaethiopia' is a public channel username (without '@') or a valid channel ID, and the Telegram client has access to it.
New channels detected: {'ticvaethiopia'}. Attempting to add to real-time monitoring.
Error resolving entity or adding channel ticvaethiopia to monitor: No user has "ticvaethiopia" as username
Please ensure 'ticvaethiopia' is a public channel username (without '@') or a valid channel ID, and the Telegram client has access to it.
New channels detected: {'ticvaethiopia'}. Attempting to add to real-time monitoring.
Error resolving entity or adding channel ticvaethiopia to monitor: No user has "ticvaethiopia" as username
Please ensure 'ticvaethiopia' is a public channel username (without '@') or a valid channel ID, and the Telegram client has access to it.
New channels detected: {'ticvaethiopia'}. Attempting to add to real-time monitoring.
Error resolving entity or adding channel ticvaethiopia to monitor: No user has "ticvaethiopia" as username
Please ensure 'ticvaethiopia' is a public channel username (without '@') or a valid channel ID, and the Telegram client has access to it.
New channels detected: {'ticvaethiopia'}. Attempting to add to real-time monitoring.
Error resolving entity or adding channel ticvaethiopia to monitor: No user has "ticvaethiopia" as username
Please ensure 'ticvaethiopia' is a public channel username (without '@') or a valid channel ID, and the Telegram client has access to it.
New channels detected: {'ticvaethiopia'}. Attempting to add to real-time monitoring.
Error resolving entity or adding channel ticvaethiopia to monitor: No user has "ticvaethiopia" as username
Please ensure 'ticvaethiopia' is a public channel username (without '@') or a valid channel ID, and the Telegram client has access to it.
New channels detected: {'ticvaethiopia'}. Attempting to add to real-time monitoring.
Error resolving entity or adding channel ticvaethiopia to monitor: No user has "ticvaethiopia" as username
Please ensure 'ticvaethiopia' is a public channel username (without '@') or a valid channel ID, and the Telegram client has access to it.
New channels detected: {'ticvaethiopia'}. Attempting to add to real-time monitoring.
Error resolving entity or adding channel ticvaethiopia to monitor: No user has "ticvaethiopia" as username
Please ensure 'ticvaethiopia' is a public channel username (without '@') or a valid channel ID, and the Telegram client has access to it.
New channels detected: {'ticvaethiopia'}. Attempting to add to real-time monitoring.
Error resolving entity or adding channel ticvaethiopia to monitor: No user has "ticvaethiopia" as username
Please ensure 'ticvaethiopia' is a public channel username (without '@') or a valid channel ID, and the Telegram client has access to it.
New channels detected: {'ticvaethiopia'}. Attempting to add to real-time monitoring.
Error resolving entity or adding channel ticvaethiopia to monitor: No user has "ticvaethiopia" as username
Please ensure 'ticvaethiopia' is a public channel username (without '@') or a valid channel ID, and the Telegram client has access to it.
New channels detected: {'ticvaethiopia'}. Attempting to add to real-time monitoring.
Error resolving entity or adding channel ticvaethiopia to monitor: No user has "ticvaethiopia" as username
Please ensure 'ticvaethiopia' is a public channel username (without '@') or a valid channel ID, and the Telegram client has access to it.
New channels detected: {'ticvaethiopia'}. Attempting to add to real-time monitoring.
Error resolving entity or adding channel ticvaethiopia to monitor: No user has "ticvaethiopia" as username
Please ensure 'ticvaethiopia' is a public channel username (without '@') or a valid channel ID, and the Telegram client has access to it.
New channels detected: {'ticvaethiopia'}. Attempting to add to real-time monitoring.
Error resolving entity or adding channel ticvaethiopia to monitor: No user has "ticvaethiopia" as username
Please ensure 'ticvaethiopia' is a public channel username (without '@') or a valid channel ID, and the Telegram client has access to it.
New channels detected: {'ticvaethiopia'}. Attempting to add to real-time monitoring.
Error resolving entity or adding channel ticvaethiopia to monitor: No user has "ticvaethiopia" as username
Please ensure 'ticvaethiopia' is a public channel username (without '@') or a valid channel ID, and the Telegram client has access to it.
New channels detected: {'ticvaethiopia'}. Attempting to add to real-time monitoring.
Error resolving entity or adding channel ticvaethiopia to monitor: No user has "ticvaethiopia" as username
Please ensure 'ticvaethiopia' is a public channel username (without '@') or a valid channel ID, and the Telegram client has access to it.
New channels detected: {'ticvaethiopia'}. Attempting to add to real-time monitoring.
Error resolving entity or adding channel ticvaethiopia to monitor: No user has "ticvaethiopia" as username
Please ensure 'ticvaethiopia' is a public channel username (without '@') or a valid channel ID, and the Telegram client has access to it.
New channels detected: {'ticvaethiopia'}. Attempting to add to real-time monitoring.
Error resolving entity or adding channel ticvaethiopia to monitor: No user has "ticvaethiopia" as username
Please ensure 'ticvaethiopia' is a public channel username (without '@') or a valid channel ID, and the Telegram client has access to it.
New channels detected: {'ticvaethiopia'}. Attempting to add to real-time monitoring.
Error resolving entity or adding channel ticvaethiopia to monitor: No user has "ticvaethiopia" as username
Please ensure 'ticvaethiopia' is a public channel username (without '@') or a valid channel ID, and the Telegram client has access to it.
New channels detected: {'ticvaethiopia'}. Attempting to add to real-time monitoring.
Error resolving entity or adding channel ticvaethiopia to monitor: No user has "ticvaethiopia" as username
Please ensure 'ticvaethiopia' is a public channel username (without '@') or a valid channel ID, and the Telegram client has access to it.
New channels detected: {'ticvaethiopia'}. Attempting to add to real-time monitoring.
Error resolving entity or adding channel ticvaethiopia to monitor: No user has "ticvaethiopia" as username
Please ensure 'ticvaethiopia' is a public channel username (without '@') or a valid channel ID, and the Telegram client has access to it.
New channels detected: {'ticvaethiopia'}. Attempting to add to real-time monitoring.
Error resolving entity or adding channel ticvaethiopia to monitor: No user has "ticvaethiopia" as username
Please ensure 'ticvaethiopia' is a public channel username (without '@') or a valid channel ID, and the Telegram client has access to it.
New channels detected: {'ticvaethiopia'}. Attempting to add to real-time monitoring.
Error resolving entity or adding channel ticvaethiopia to monitor: No user has "ticvaethiopia" as username
Please ensure 'ticvaethiopia' is a public channel username (without '@') or a valid channel ID, and the Telegram client has access to it.
New channels detected: {'ticvaethiopia'}. Attempting to add to real-time monitoring.
Error resolving entity or adding channel ticvaethiopia to monitor: No user has "ticvaethiopia" as username
Please ensure 'ticvaethiopia' is a public channel username (without '@') or a valid channel ID, and the Telegram client has access to it.
New channels detected: {'ticvaethiopia'}. Attempting to add to real-time monitoring.
Error resolving entity or adding channel ticvaethiopia to monitor: No user has "ticvaethiopia" as username
Please ensure 'ticvaethiopia' is a public channel username (without '@') or a valid channel ID, and the Telegram client has access to it.
New channels detected: {'ticvaethiopia'}. Attempting to add to real-time monitoring.
Error resolving entity or adding channel ticvaethiopia to monitor: No user has "ticvaethiopia" as username
Please ensure 'ticvaethiopia' is a public channel username (without '@') or a valid channel ID, and the Telegram client has access to it.
New channels detected: {'ticvaethiopia'}. Attempting to add to real-time monitoring.
Error resolving entity or adding channel ticvaethiopia to monitor: No user has "ticvaethiopia" as username
Please ensure 'ticvaethiopia' is a public channel username (without '@') or a valid channel ID, and the Telegram client has access to it.
New channels detected: {'ticvaethiopia'}. Attempting to add to real-time monitoring.
Error resolving entity or adding channel ticvaethiopia to monitor: No user has "ticvaethiopia" as username
Please ensure 'ticvaethiopia' is a public channel username (without '@') or a valid channel ID, and the Telegram client has access to it.
New channels detected: {'ticvaethiopia'}. Attempting to add to real-time monitoring.
Error resolving entity or adding channel ticvaethiopia to monitor: No user has "ticvaethiopia" as username
Please ensure 'ticvaethiopia' is a public channel username (without '@') or a valid channel ID, and the Telegram client has access to it.
New channels detected: {'ticvaethiopia'}. Attempting to add to real-time monitoring.
Error resolving entity or adding channel ticvaethiopia to monitor: No user has "ticvaethiopia" as username
Please ensure 'ticvaethiopia' is a public channel username (without '@') or a valid channel ID, and the Telegram client has access to it.
New channels detected: {'ticvaethiopia'}. Attempting to add to real-time monitoring.
Error resolving entity or adding channel ticvaethiopia to monitor: No user has "ticvaethiopia" as username
Please ensure 'ticvaethiopia' is a public channel username (without '@') or a valid channel ID, and the Telegram client has access to it.
New channels detected: {'ticvaethiopia'}. Attempting to add to real-time monitoring.
Error resolving entity or adding channel ticvaethiopia to monitor: No user has "ticvaethiopia" as username
Please ensure 'ticvaethiopia' is a public channel username (without '@') or a valid channel ID, and the Telegram client has access to it.
New channels detected: {'ticvaethiopia'}. Attempting to add to real-time monitoring.
Error resolving entity or adding channel ticvaethiopia to monitor: No user has "ticvaethiopia" as username
Please ensure 'ticvaethiopia' is a public channel username (without '@') or a valid channel ID, and the Telegram client has access to it.
New channels detected: {'ticvaethiopia'}. Attempting to add to real-time monitoring.
Error resolving entity or adding channel ticvaethiopia to monitor: No user has "ticvaethiopia" as username
Please ensure 'ticvaethiopia' is a public channel username (without '@') or a valid channel ID, and the Telegram client has access to it.
New channels detected: {'ticvaethiopia'}. Attempting to add to real-time monitoring.
Error resolving entity or adding channel ticvaethiopia to monitor: No user has "ticvaethiopia" as username
Please ensure 'ticvaethiopia' is a public channel username (without '@') or a valid channel ID, and the Telegram client has access to it.
New channels detected: {'ticvaethiopia'}. Attempting to add to real-time monitoring.
Error resolving entity or adding channel ticvaethiopia to monitor: No user has "ticvaethiopia" as username
Please ensure 'ticvaethiopia' is a public channel username (without '@') or a valid channel ID, and the Telegram client has access to it.
New channels detected: {'ticvaethiopia'}. Attempting to add to real-time monitoring.
Error resolving entity or adding channel ticvaethiopia to monitor: No user has "ticvaethiopia" as username
Please ensure 'ticvaethiopia' is a public channel username (without '@') or a valid channel ID, and the Telegram client has access to it.
New channels detected: {'ticvaethiopia'}. Attempting to add to real-time monitoring.
Error resolving entity or adding channel ticvaethiopia to monitor: No user has "ticvaethiopia" as username
Please ensure 'ticvaethiopia' is a public channel username (without '@') or a valid channel ID, and the Telegram client has access to it.
New channels detected: {'ticvaethiopia'}. Attempting to add to real-time monitoring.
Error resolving entity or adding channel ticvaethiopia to monitor: No user has "ticvaethiopia" as username
Please ensure 'ticvaethiopia' is a public channel username (without '@') or a valid channel ID, and the Telegram client has access to it.
New channels detected: {'ticvaethiopia'}. Attempting to add to real-time monitoring.
Error resolving entity or adding channel ticvaethiopia to monitor: No user has "ticvaethiopia" as username
Please ensure 'ticvaethiopia' is a public channel username (without '@') or a valid channel ID, and the Telegram client has access to it.
New channels detected: {'ticvaethiopia'}. Attempting to add to real-time monitoring.
Error resolving entity or adding channel ticvaethiopia to monitor: No user has "ticvaethiopia" as username
Please ensure 'ticvaethiopia' is a public channel username (without '@') or a valid channel ID, and the Telegram client has access to it.
New channels detected: {'ticvaethiopia'}. Attempting to add to real-time monitoring.
Error resolving entity or adding channel ticvaethiopia to monitor: No user has "ticvaethiopia" as username
Please ensure 'ticvaethiopia' is a public channel username (without '@') or a valid channel ID, and the Telegram client has access to it.
New channels detected: {'ticvaethiopia'}. Attempting to add to real-time monitoring.
Error resolving entity or adding channel ticvaethiopia to monitor: No user has "ticvaethiopia" as username
Please ensure 'ticvaethiopia' is a public channel username (without '@') or a valid channel ID, and the Telegram client has access to it.
New channels detected: {'ticvaethiopia'}. Attempting to add to real-time monitoring.
Error resolving entity or adding channel ticvaethiopia to monitor: No user has "ticvaethiopia" as username
Please ensure 'ticvaethiopia' is a public channel username (without '@') or a valid channel ID, and the Telegram client has access to it.
Received new message in jeeniework: 4811
Saved message 4811 (media: False) for channel jeeniework
New channels detected: {'ticvaethiopia'}. Attempting to add to real-time monitoring.
Error resolving entity or adding channel ticvaethiopia to monitor: No user has "ticvaethiopia" as username
Please ensure 'ticvaethiopia' is a public channel username (without '@') or a valid channel ID, and the Telegram client has access to it.
New channels detected: {'ticvaethiopia'}. Attempting to add to real-time monitoring.
Error resolving entity or adding channel ticvaethiopia to monitor: No user has "ticvaethiopia" as username
Please ensure 'ticvaethiopia' is a public channel username (without '@') or a valid channel ID, and the Telegram client has access to it.
New channels detected: {'ticvaethiopia'}. Attempting to add to real-time monitoring.
Error resolving entity or adding channel ticvaethiopia to monitor: No user has "ticvaethiopia" as username
Please ensure 'ticvaethiopia' is a public channel username (without '@') or a valid channel ID, and the Telegram client has access to it.
New channels detected: {'ticvaethiopia'}. Attempting to add to real-time monitoring.
Error resolving entity or adding channel ticvaethiopia to monitor: No user has "ticvaethiopia" as username
Please ensure 'ticvaethiopia' is a public channel username (without '@') or a valid channel ID, and the Telegram client has access to it.
New channels detected: {'ticvaethiopia'}. Attempting to add to real-time monitoring.
Error resolving entity or adding channel ticvaethiopia to monitor: No user has "ticvaethiopia" as username
Please ensure 'ticvaethiopia' is a public channel username (without '@') or a valid channel ID, and the Telegram client has access to it.
New channels detected: {'ticvaethiopia'}. Attempting to add to real-time monitoring.
Error resolving entity or adding channel ticvaethiopia to monitor: No user has "ticvaethiopia" as username
Please ensure 'ticvaethiopia' is a public channel username (without '@') or a valid channel ID, and the Telegram client has access to it.
New channels detected: {'ticvaethiopia'}. Attempting to add to real-time monitoring.
Error resolving entity or adding channel ticvaethiopia to monitor: No user has "ticvaethiopia" as username
Please ensure 'ticvaethiopia' is a public channel username (without '@') or a valid channel ID, and the Telegram client has access to it.
New channels detected: {'ticvaethiopia'}. Attempting to add to real-time monitoring.
Error resolving entity or adding channel ticvaethiopia to monitor: No user has "ticvaethiopia" as username
Please ensure 'ticvaethiopia' is a public channel username (without '@') or a valid channel ID, and the Telegram client has access to it.
New channels detected: {'ticvaethiopia'}. Attempting to add to real-time monitoring.
Error resolving entity or adding channel ticvaethiopia to monitor: No user has "ticvaethiopia" as username
Please ensure 'ticvaethiopia' is a public channel username (without '@') or a valid channel ID, and the Telegram client has access to it.
New channels detected: {'ticvaethiopia'}. Attempting to add to real-time monitoring.
Error resolving entity or adding channel ticvaethiopia to monitor: No user has "ticvaethiopia" as username
Please ensure 'ticvaethiopia' is a public channel username (without '@') or a valid channel ID, and the Telegram client has access to it.
New channels detected: {'ticvaethiopia'}. Attempting to add to real-time monitoring.
Error resolving entity or adding channel ticvaethiopia to monitor: No user has "ticvaethiopia" as username
Please ensure 'ticvaethiopia' is a public channel username (without '@') or a valid channel ID, and the Telegram client has access to it.
New channels detected: {'ticvaethiopia'}. Attempting to add to real-time monitoring.
Error resolving entity or adding channel ticvaethiopia to monitor: No user has "ticvaethiopia" as username
Please ensure 'ticvaethiopia' is a public channel username (without '@') or a valid channel ID, and the Telegram client has access to it.
New channels detected: {'ticvaethiopia'}. Attempting to add to real-time monitoring.
Error resolving entity or adding channel ticvaethiopia to monitor: No user has "ticvaethiopia" as username
Please ensure 'ticvaethiopia' is a public channel username (without '@') or a valid channel ID, and the Telegram client has access to it.
New channels detected: {'ticvaethiopia'}. Attempting to add to real-time monitoring.
Error resolving entity or adding channel ticvaethiopia to monitor: No user has "ticvaethiopia" as username
Please ensure 'ticvaethiopia' is a public channel username (without '@') or a valid channel ID, and the Telegram client has access to it.
New channels detected: {'ticvaethiopia'}. Attempting to add to real-time monitoring.
Error resolving entity or adding channel ticvaethiopia to monitor: No user has "ticvaethiopia" as username
Please ensure 'ticvaethiopia' is a public channel username (without '@') or a valid channel ID, and the Telegram client has access to it.
New channels detected: {'ticvaethiopia'}. Attempting to add to real-time monitoring.
Error resolving entity or adding channel ticvaethiopia to monitor: No user has "ticvaethiopia" as username
Please ensure 'ticvaethiopia' is a public channel username (without '@') or a valid channel ID, and the Telegram client has access to it.
New channels detected: {'ticvaethiopia'}. Attempting to add to real-time monitoring.
Error resolving entity or adding channel ticvaethiopia to monitor: No user has "ticvaethiopia" as username
Please ensure 'ticvaethiopia' is a public channel username (without '@') or a valid channel ID, and the Telegram client has access to it.
New channels detected: {'ticvaethiopia'}. Attempting to add to real-time monitoring.
Error resolving entity or adding channel ticvaethiopia to monitor: No user has "ticvaethiopia" as username
Please ensure 'ticvaethiopia' is a public channel username (without '@') or a valid channel ID, and the Telegram client has access to it.
Received new message in jeeniework: 4812
Saved message 4812 (media: False) for channel jeeniework
New channels detected: {'ticvaethiopia'}. Attempting to add to real-time monitoring.
Error resolving entity or adding channel ticvaethiopia to monitor: No user has "ticvaethiopia" as username
Please ensure 'ticvaethiopia' is a public channel username (without '@') or a valid channel ID, and the Telegram client has access to it.
New channels detected: {'ticvaethiopia'}. Attempting to add to real-time monitoring.
Error resolving entity or adding channel ticvaethiopia to monitor: No user has "ticvaethiopia" as username
Please ensure 'ticvaethiopia' is a public channel username (without '@') or a valid channel ID, and the Telegram client has access to it.
New channels detected: {'ticvaethiopia'}. Attempting to add to real-time monitoring.
Error resolving entity or adding channel ticvaethiopia to monitor: No user has "ticvaethiopia" as username
Please ensure 'ticvaethiopia' is a public channel username (without '@') or a valid channel ID, and the Telegram client has access to it.
New channels detected: {'ticvaethiopia'}. Attempting to add to real-time monitoring.
Error resolving entity or adding channel ticvaethiopia to monitor: No user has "ticvaethiopia" as username
Please ensure 'ticvaethiopia' is a public channel username (without '@') or a valid channel ID, and the Telegram client has access to it.
New channels detected: {'ticvaethiopia'}. Attempting to add to real-time monitoring.
Error resolving entity or adding channel ticvaethiopia to monitor: No user has "ticvaethiopia" as username
Please ensure 'ticvaethiopia' is a public channel username (without '@') or a valid channel ID, and the Telegram client has access to it.
New channels detected: {'ticvaethiopia'}. Attempting to add to real-time monitoring.
Error resolving entity or adding channel ticvaethiopia to monitor: No user has "ticvaethiopia" as username
Please ensure 'ticvaethiopia' is a public channel username (without '@') or a valid channel ID, and the Telegram client has access to it.
New channels detected: {'ticvaethiopia'}. Attempting to add to real-time monitoring.
Error resolving entity or adding channel ticvaethiopia to monitor: No user has "ticvaethiopia" as username
Please ensure 'ticvaethiopia' is a public channel username (without '@') or a valid channel ID, and the Telegram client has access to it.
New channels detected: {'ticvaethiopia'}. Attempting to add to real-time monitoring.
Error resolving entity or adding channel ticvaethiopia to monitor: No user has "ticvaethiopia" as username
Please ensure 'ticvaethiopia' is a public channel username (without '@') or a valid channel ID, and the Telegram client has access to it.
New channels detected: {'ticvaethiopia'}. Attempting to add to real-time monitoring.
Error resolving entity or adding channel ticvaethiopia to monitor: No user has "ticvaethiopia" as username
Please ensure 'ticvaethiopia' is a public channel username (without '@') or a valid channel ID, and the Telegram client has access to it.
New channels detected: {'ticvaethiopia'}. Attempting to add to real-time monitoring.
